center_id,sync_timestamp,report_date,session_date,camera,source_video,session_duration,unique_people,returning_count,visitor_count,person_id,person_type,entry_time,exit_time,duration_seconds,present_last_7_days,last_present_date,report_file,identified_students,engagement_id,batch,confidence_score,nf_presence,dedupe_collapsed_rows,distinct_source_videos,source_videos_sample
TSSDC_Mumbai,2026-03-25 15:53:56.936000 UTC,2026-03-25,2026-03-25,Cam_01,D14_20260324102110.mp4,11:19:49,59,0,59,Day0325_NF_013,no_face_track,10:28:47,10:28:47,0,0,,2026_03_25_attendance_report.json,0,,,0.0,198,50,50,D14_20260324090240.mp4; D14_20260324090338.mp4; D14_20260324090815.mp4; D14_20260324090949.mp4; D14_20260324091315.mp4; ...
TSSDC_Mumbai,2026-03-25 15:53:56.936000 UTC,2026-03-25,2026-03-25,Cam_01,D14_20260324102110.mp4,11:19:49,59,0,59,Day0325_NF_016,no_face_track,10:30:16,10:30:16,0,0,,2026_03_25_attendance_report.json,0,,,0.0,198,50,50,D14_20260324090240.mp4; D14_20260324090338.mp4; D14_20260324090815.mp4; D14_20260324090949.mp4; D14_20260324091315.mp4; ...
TSSDC_Mumbai,2026-03-25 15:53:56.936000 UTC,2026-03-25,2026-03-25,Cam_01,D14_20260324102110.mp4,11:19:49,59,0,59,Day0325_NF_017,no_face_track,10:30:16,10:30:21,5,0,,2026_03_25_attendance_report.json,0,,,0.0,198,50,50,D14_20260324090240.mp4; D14_20260324090338.mp4; D14_20260324090815.mp4; D14_20260324090949.mp4; D14_20260324091315.mp4; ...
TSSDC_Mumbai,2026-03-25 15:53:56.936000 UTC,2026-03-25,2026-03-25,Cam_01,D14_20260324102110.mp4,11:19:49,59,0,59,Day0325_NF_018,no_face_track,10:30:21,10:30:26,5,0,,2026_03_25_attendance_report.json,0,,,0.0,198,50,50,D14_20260324090240.mp4; D14_20260324090338.mp4; D14_20260324090815.mp4; D14_20260324090949.mp4; D14_20260324091315.mp4; ...
TSSDC_Mumbai,2026-03-25 15:53:56.936000 UTC,2026-03-25,2026-03-25,Cam_01,D14_20260324102110.mp4,11:19:49,59,0,59,Day0325_NF_019,no_face_track,10:30:24,10:30:26,2,0,,2026_03_25_attendance_report.json,0,,,0.0,198,50,50,D14_20260324090240.mp4; D14_20260324090338.mp4; D14_20260324090815.mp4; D14_20260324090949.mp4; D14_20260324091315.mp4; ...
TSSDC_Mumbai,2026-03-25 15:53:56.936000 UTC,2026-03-25,2026-03-25,Cam_01,D14_20260324102110.mp4,11:19:49,59,0,59,Day0325_NF_022,no_face_track,10:30:32,10:30:32,0,0,,2026_03_25_attendance_report.json,0,,,0.0,198,50,50,D14_20260324090240.mp4; D14_20260324090338.mp4; D14_20260324090815.mp4; D14_20260324090949.mp4; D14_20260324091315.mp4; ...
TSSDC_Mumbai,2026-03-25 15:53:56.936000 UTC,2026-03-25,2026-03-25,Cam_01,D14_20260324102110.mp4,11:19:49,59,0,59,Day0325_NF_025,no_face_track,10:31:14,10:31:14,0,0,,2026_03_25_attendance_report.json,0,,,0.0,198,50,50,D14_20260324090240.mp4; D14_20260324090338.mp4; D14_20260324090815.mp4; D14_20260324090949.mp4; D14_20260324091315.mp4; ...
TSSDC_Mumbai,2026-03-25 15:53:56.936000 UTC,2026-03-25,2026-03-25,Cam_01,D14_20260324102110.mp4,11:19:49,59,0,59,Day0325_NF_026,no_face_track,10:31:26,10:31:26,0,0,,2026_03_25_attendance_report.json,0,,,0.0,198,50,50,D14_20260324090240.mp4; D14_20260324090338.mp4; D14_20260324090815.mp4; D14_20260324090949.mp4; D14_20260324091315.mp4; ...
TSSDC_Mumbai,2026-03-25 15:53:56.936000 UTC,2026-03-25,2026-03-25,Cam_01,D14_20260324102110.mp4,11:19:49,59,0,59,Day0325_NF_027,no_face_track,10:31:27,10:31:32,5,0,,2026_03_25_attendance_report.json,0,,,0.0,198,50,50,D14_20260324090240.mp4; D14_20260324090338.mp4; D14_20260324090815.mp4; D14_20260324090949.mp4; D14_20260324091315.mp4; ...
TSSDC_Mumbai,2026-03-25 15:53:56.936000 UTC,2026-03-25,2026-03-25,Cam_01,D14_20260324102110.mp4,11:19:49,59,0,59,Day0325_NF_029,no_face_track,10:32:44,10:32:45,1,0,,2026_03_25_attendance_report.json,0,,,0.0,198,50,50,D14_20260324090240.mp4; D14_20260324090338.mp4; D14_20260324090815.mp4; D14_20260324090949.mp4; D14_20260324091315.mp4; ...
TSSDC_Mumbai,2026-03-25 15:53:56.936000 UTC,2026-03-25,2026-03-25,Cam_01,D14_20260324102110.mp4,11:19:49,59,0,59,Day0325_NF_031,no_face_track,10:32:50,10:32:50,0,0,,2026_03_25_attendance_report.json,0,,,0.0,198,50,50,D14_20260324090240.mp4; D14_20260324090338.mp4; D14_20260324090815.mp4; D14_20260324090949.mp4; D14_20260324091315.mp4; ...
TSSDC_Mumbai,2026-03-25 15:53:56.936000 UTC,2026-03-25,2026-03-25,Cam_01,D14_20260324102110.mp4,11:19:49,59,0,59,Day0325_NF_032,no_face_track,10:40:15,10:40:21,6,0,,2026_03_25_attendance_report.json,0,,,0.0,198,49,49,D14_20260324090240.mp4; D14_20260324090338.mp4; D14_20260324090815.mp4; D14_20260324090949.mp4; D14_20260324091315.mp4; ...
Mumbai_Center,2026-03-25 15:57:00.568000 UTC,2026-03-25,2026-03-25,Cam_01,D14_20260311094703.mp4,09:52:00,13,0,13,Day0325_NF_033,no_face_track,09:47:16,09:47:17,1,0,,2026_03_25_attendance_report.json,0,,,0.0,50,1,1,D14_20260311094703.mp4
TSSDC_Mumbai,2026-03-25 15:53:56.936000 UTC,2026-03-25,2026-03-25,Cam_01,D14_20260324102110.mp4,11:19:49,59,0,59,Day0325_NF_033,no_face_track,10:40:42,10:40:45,3,0,,2026_03_25_attendance_report.json,0,,,0.0,198,49,49,D14_20260324090240.mp4; D14_20260324090338.mp4; D14_20260324090815.mp4; D14_20260324090949.mp4; D14_20260324091315.mp4; ...
TSSDC_Mumbai,2026-03-25 15:53:56.936000 UTC,2026-03-25,2026-03-25,Cam_01,D14_20260324102110.mp4,11:19:49,59,0,59,Day0325_NF_034,no_face_track,10:40:49,10:40:55,6,0,,2026_03_25_attendance_report.json,0,,,0.0,198,49,49,D14_20260324090240.mp4; D14_20260324090338.mp4; D14_20260324090815.mp4; D14_20260324090949.mp4; D14_20260324091315.mp4; ...
Mumbai_Center,2026-03-25 15:57:00.568000 UTC,2026-03-25,2026-03-25,Cam_01,D14_20260311094703.mp4,09:52:00,13,0,13,Day0325_NF_035,no_face_track,09:47:24,09:47:24,0,0,,2026_03_25_attendance_report.json,0,,,0.0,50,1,1,D14_20260311094703.mp4
TSSDC_Mumbai,2026-03-25 15:53:56.936000 UTC,2026-03-25,2026-03-25,Cam_01,D14_20260324102110.mp4,11:19:49,59,0,59,Day0325_NF_035,no_face_track,10:40:54,10:40:55,1,0,,2026_03_25_attendance_report.json,0,,,0.0,198,49,49,D14_20260324090240.mp4; D14_20260324090338.mp4; D14_20260324090815.mp4; D14_20260324090949.mp4; D14_20260324091315.mp4; ...
Mumbai_Center,2026-03-25 15:57:00.568000 UTC,2026-03-25,2026-03-25,Cam_01,D14_20260311094703.mp4,09:52:00,13,0,13,Day0325_NF_036,no_face_track,09:47:56,09:48:02,6,0,,2026_03_25_attendance_report.json,0,,,0.0,50,1,1,D14_20260311094703.mp4
TSSDC_Mumbai,2026-03-25 15:53:56.936000 UTC,2026-03-25,2026-03-25,Cam_01,D14_20260324102110.mp4,11:19:49,59,0,59,Day0325_NF_036,no_face_track,10:40:57,10:40:57,0,0,,2026_03_25_attendance_report.json,0,,,0.0,198,49,49,D14_20260324090240.mp4; D14_20260324090338.mp4; D14_20260324090815.mp4; D14_20260324090949.mp4; D14_20260324091315.mp4; ...
Mumbai_Center,2026-03-25 15:57:00.568000 UTC,2026-03-25,2026-03-25,Cam_01,D14_20260311094703.mp4,09:52:00,13,0,13,Day0325_NF_037,no_face_track,09:48:01,09:48:06,5,0,,2026_03_25_attendance_report.json,0,,,0.0,50,1,1,D14_20260311094703.mp4
Mumbai_Center,2026-03-25 15:57:00.568000 UTC,2026-03-25,2026-03-25,Cam_01,D14_20260311094703.mp4,09:52:00,13,0,13,Day0325_NF_038,no_face_track,09:48:13,09:48:19,6,0,,2026_03_25_attendance_report.json,0,,,0.0,50,1,1,D14_20260311094703.mp4
TSSDC_Mumbai,2026-03-25 15:53:56.936000 UTC,2026-03-25,2026-03-25,Cam_01,D14_20260324102110.mp4,11:19:49,59,0,59,Day0325_NF_038,no_face_track,10:41:19,10:41:19,0,0,,2026_03_25_attendance_report.json,0,,,0.0,198,49,49,D14_20260324090240.mp4; D14_20260324090338.mp4; D14_20260324090815.mp4; D14_20260324090949.mp4; D14_20260324091315.mp4; ...
Mumbai_Center,2026-03-25 15:57:00.568000 UTC,2026-03-25,2026-03-25,Cam_01,D14_20260311094703.mp4,09:52:00,13,0,13,Day0325_NF_039,no_face_track,09:48:19,09:48:28,9,0,,2026_03_25_attendance_report.json,0,,,0.0,50,1,1,D14_20260311094703.mp4
TSSDC_Mumbai,2026-03-25 15:53:56.936000 UTC,2026-03-25,2026-03-25,Cam_01,D14_20260324102110.mp4,11:19:49,59,0,59,Day0325_NF_039,no_face_track,10:41:19,10:41:24,5,0,,2026_03_25_attendance_report.json,0,,,0.0,198,49,49,D14_20260324090240.mp4; D14_20260324090338.mp4; D14_20260324090815.mp4; D14_20260324090949.mp4; D14_20260324091315.mp4; ...
Mumbai_Center,2026-03-25 15:57:00.568000 UTC,2026-03-25,2026-03-25,Cam_01,D14_20260311094703.mp4,09:52:00,13,0,13,Day0325_NF_040,no_face_track,09:48:20,09:48:20,0,0,,2026_03_25_attendance_report.json,0,,,0.0,50,1,1,D14_20260311094703.mp4
TSSDC_Mumbai,2026-03-25 15:53:56.936000 UTC,2026-03-25,2026-03-25,Cam_01,D14_20260324102110.mp4,11:19:49,59,0,59,Day0325_NF_040,no_face_track,10:41:24,10:41:25,1,0,,2026_03_25_attendance_report.json,0,,,0.0,198,49,49,D14_20260324090240.mp4; D14_20260324090338.mp4; D14_20260324090815.mp4; D14_20260324090949.mp4; D14_20260324091315.mp4; ...
Mumbai_Center,2026-03-25 15:57:00.568000 UTC,2026-03-25,2026-03-25,Cam_01,D14_20260311094703.mp4,09:52:00,13,0,13,Day0325_NF_041,no_face_track,09:48:20,09:48:20,0,0,,2026_03_25_attendance_report.json,0,,,0.0,50,1,1,D14_20260311094703.mp4
TSSDC_Mumbai,2026-03-25 15:53:56.936000 UTC,2026-03-25,2026-03-25,Cam_01,D14_20260324102110.mp4,11:19:49,59,0,59,Day0325_NF_041,no_face_track,10:41:25,10:41:25,0,0,,2026_03_25_attendance_report.json,0,,,0.0,198,49,49,D14_20260324090240.mp4; D14_20260324090338.mp4; D14_20260324090815.mp4; D14_20260324090949.mp4; D14_20260324091315.mp4; ...
Mumbai_Center,2026-03-25 15:57:00.568000 UTC,2026-03-25,2026-03-25,Cam_01,D14_20260311094703.mp4,09:52:00,13,0,13,Day0325_NF_042,no_face_track,09:48:28,09:48:31,3,0,,2026_03_25_attendance_report.json,0,,,0.0,50,1,1,D14_20260311094703.mp4
TSSDC_Mumbai,2026-03-25 15:53:56.936000 UTC,2026-03-25,2026-03-25,Cam_01,D14_20260324102110.mp4,11:19:49,59,0,59,Day0325_NF_042,no_face_track,10:41:29,10:41:39,10,0,,2026_03_25_attendance_report.json,0,,,0.0,198,49,49,D14_20260324090240.mp4; D14_20260324090338.mp4; D14_20260324090815.mp4; D14_20260324090949.mp4; D14_20260324091315.mp4; ...
Mumbai_Center,2026-03-25 15:57:00.568000 UTC,2026-03-25,2026-03-25,Cam_01,D14_20260311094703.mp4,09:52:00,13,0,13,Day0325_NF_043,no_face_track,09:48:36,09:48:37,1,0,,2026_03_25_attendance_report.json,0,,,0.0,50,1,1,D14_20260311094703.mp4
Mumbai_Center,2026-03-25 15:57:00.568000 UTC,2026-03-25,2026-03-25,Cam_01,D14_20260311094703.mp4,09:52:00,13,0,13,Day0325_NF_044,no_face_track,09:48:37,09:48:38,1,0,,2026_03_25_attendance_report.json,0,,,0.0,50,1,1,D14_20260311094703.mp4
TSSDC_Mumbai,2026-03-25 15:53:56.936000 UTC,2026-03-25,2026-03-25,Cam_01,D14_20260324102110.mp4,11:19:49,59,0,59,Day0325_NF_044,no_face_track,10:42:15,10:42:15,0,0,,2026_03_25_attendance_report.json,0,,,0.0,198,49,49,D14_20260324090240.mp4; D14_20260324090338.mp4; D14_20260324090815.mp4; D14_20260324090949.mp4; D14_20260324091315.mp4; ...
Mumbai_Center,2026-03-25 15:57:00.568000 UTC,2026-03-25,2026-03-25,Cam_01,D14_20260311094703.mp4,09:52:00,13,0,13,Day0325_NF_046,no_face_track,09:48:58,09:49:01,3,0,,2026_03_25_attendance_report.json,0,,,0.0,50,1,1,D14_20260311094703.mp4
TSSDC_Mumbai,2026-03-25 15:53:56.936000 UTC,2026-03-25,2026-03-25,Cam_01,D14_20260324102110.mp4,11:19:49,59,0,59,Day0325_NF_046,no_face_track,10:43:09,10:43:21,12,0,,2026_03_25_attendance_report.json,0,,,0.0,198,49,49,D14_20260324090240.mp4; D14_20260324090338.mp4; D14_20260324090815.mp4; D14_20260324090949.mp4; D14_20260324091315.mp4; ...
Mumbai_Center,2026-03-25 15:57:00.568000 UTC,2026-03-25,2026-03-25,Cam_01,D14_20260311094703.mp4,09:52:00,13,0,13,Day0325_NF_047,no_face_track,09:49:00,09:49:01,1,0,,2026_03_25_attendance_report.json,0,,,0.0,50,1,1,D14_20260311094703.mp4
TSSDC_Mumbai,2026-03-25 15:53:56.936000 UTC,2026-03-25,2026-03-25,Cam_01,D14_20260324102110.mp4,11:19:49,59,0,59,Day0325_NF_047,no_face_track,10:43:15,10:43:17,2,0,,2026_03_25_attendance_report.json,0,,,0.0,198,49,49,D14_20260324090240.mp4; D14_20260324090338.mp4; D14_20260324090815.mp4; D14_20260324090949.mp4; D14_20260324091315.mp4; ...
Mumbai_Center,2026-03-25 15:57:00.568000 UTC,2026-03-25,2026-03-25,Cam_01,D14_20260311094703.mp4,09:52:00,13,0,13,Day0325_NF_048,no_face_track,09:49:01,09:49:02,1,0,,2026_03_25_attendance_report.json,0,,,0.0,50,1,1,D14_20260311094703.mp4
TSSDC_Mumbai,2026-03-25 15:53:56.936000 UTC,2026-03-25,2026-03-25,Cam_01,D14_20260324102110.mp4,11:19:49,59,0,59,Day0325_NF_048,no_face_track,10:43:24,10:43:31,7,0,,2026_03_25_attendance_report.json,0,,,0.0,198,49,49,D14_20260324090240.mp4; D14_20260324090338.mp4; D14_20260324090815.mp4; D14_20260324090949.mp4; D14_20260324091315.mp4; ...
TSSDC_Mumbai,2026-03-25 15:53:56.936000 UTC,2026-03-25,2026-03-25,Cam_01,D14_20260324102110.mp4,11:19:49,59,0,59,Day0325_NF_049,no_face_track,10:43:29,10:43:31,2,0,,2026_03_25_attendance_report.json,0,,,0.0,198,49,49,D14_20260324090240.mp4; D14_20260324090338.mp4; D14_20260324090815.mp4; D14_20260324090949.mp4; D14_20260324091315.mp4; ...
Mumbai_Center,2026-03-25 15:57:00.568000 UTC,2026-03-25,2026-03-25,Cam_01,D14_20260311094703.mp4,09:52:00,13,0,13,Day0325_NF_050,no_face_track,09:49:07,09:49:08,1,0,,2026_03_25_attendance_report.json,0,,,0.0,50,1,1,D14_20260311094703.mp4
TSSDC_Mumbai,2026-03-25 15:53:56.936000 UTC,2026-03-25,2026-03-25,Cam_01,D14_20260324102110.mp4,11:19:49,59,0,59,Day0325_NF_050,no_face_track,10:43:43,10:43:47,4,0,,2026_03_25_attendance_report.json,0,,,0.0,198,49,49,D14_20260324090240.mp4; D14_20260324090338.mp4; D14_20260324090815.mp4; D14_20260324090949.mp4; D14_20260324091315.mp4; ...
Mumbai_Center,2026-03-25 15:57:00.568000 UTC,2026-03-25,2026-03-25,Cam_01,D14_20260311094703.mp4,09:52:00,13,0,13,Day0325_NF_051,no_face_track,09:49:43,09:49:44,1,0,,2026_03_25_attendance_report.json,0,,,0.0,50,1,1,D14_20260311094703.mp4
TSSDC_Mumbai,2026-03-25 15:53:56.936000 UTC,2026-03-25,2026-03-25,Cam_01,D14_20260324102110.mp4,11:19:49,59,0,59,Day0325_NF_051,no_face_track,10:44:13,10:44:16,3,0,,2026_03_25_attendance_report.json,0,,,0.0,198,49,49,D14_20260324090240.mp4; D14_20260324090338.mp4; D14_20260324090815.mp4; D14_20260324090949.mp4; D14_20260324091315.mp4; ...
Mumbai_Center,2026-03-25 15:57:00.568000 UTC,2026-03-25,2026-03-25,Cam_01,D14_20260311094703.mp4,09:52:00,13,0,13,Day0325_NF_053,no_face_track,09:49:48,09:49:50,2,0,,2026_03_25_attendance_report.json,0,,,0.0,50,1,1,D14_20260311094703.mp4
TSSDC_Mumbai,2026-03-25 15:53:56.936000 UTC,2026-03-25,2026-03-25,Cam_01,D14_20260324102110.mp4,11:19:49,59,0,59,Day0325_NF_054,no_face_track,10:44:47,10:44:49,2,0,,2026_03_25_attendance_report.json,0,,,0.0,198,49,49,D14_20260324090240.mp4; D14_20260324090338.mp4; D14_20260324090815.mp4; D14_20260324090949.mp4; D14_20260324091315.mp4; ...
Mumbai_Center,2026-03-25 15:57:00.568000 UTC,2026-03-25,2026-03-25,Cam_01,D14_20260311094703.mp4,09:52:00,13,0,13,Day0325_NF_055,no_face_track,09:49:54,09:49:54,0,0,,2026_03_25_attendance_report.json,0,,,0.0,50,1,1,D14_20260311094703.mp4
TSSDC_Mumbai,2026-03-25 15:53:56.936000 UTC,2026-03-25,2026-03-25,Cam_01,D14_20260324102110.mp4,11:19:49,59,0,59,Day0325_NF_055,no_face_track,10:44:47,10:44:47,0,0,,2026_03_25_attendance_report.json,0,,,0.0,198,49,49,D14_20260324090240.mp4; D14_20260324090338.mp4; D14_20260324090815.mp4; D14_20260324090949.mp4; D14_20260324091315.mp4; ...
Mumbai_Center,2026-03-25 15:57:00.568000 UTC,2026-03-25,2026-03-25,Cam_01,D14_20260311094703.mp4,09:52:00,13,0,13,Day0325_NF_056,no_face_track,09:50:17,09:50:19,2,0,,2026_03_25_attendance_report.json,0,,,0.0,50,1,1,D14_20260311094703.mp4
Mumbai_Center,2026-03-25 15:57:00.568000 UTC,2026-03-25,2026-03-25,Cam_01,D14_20260311094703.mp4,09:52:00,13,0,13,Day0325_NF_057,no_face_track,09:50:18,09:50:19,1,0,,2026_03_25_attendance_report.json,0,,,0.0,50,1,1,D14_20260311094703.mp4
TSSDC_Mumbai,2026-03-25 15:53:56.936000 UTC,2026-03-25,2026-03-25,Cam_01,D14_20260324102110.mp4,11:19:49,59,0,59,Day0325_NF_058,no_face_track,10:44:49,10:44:51,2,0,,2026_03_25_attendance_report.json,0,,,0.0,198,49,49,D14_20260324090240.mp4; D14_20260324090338.mp4; D14_20260324090815.mp4; D14_20260324090949.mp4; D14_20260324091315.mp4; ...
Mumbai_Center,2026-03-25 15:57:00.568000 UTC,2026-03-25,2026-03-25,Cam_01,D14_20260311094703.mp4,09:52:00,13,0,13,Day0325_NF_060,no_face_track,09:50:20,09:50:22,2,0,,2026_03_25_attendance_report.json,0,,,0.0,50,1,1,D14_20260311094703.mp4
TSSDC_Mumbai,2026-03-25 15:53:56.936000 UTC,2026-03-25,2026-03-25,Cam_01,D14_20260324102110.mp4,11:19:49,59,0,59,Day0325_NF_060,no_face_track,10:45:00,10:45:06,6,0,,2026_03_25_attendance_report.json,0,,,0.0,198,49,49,D14_20260324090240.mp4; D14_20260324090338.mp4; D14_20260324090815.mp4; D14_20260324090949.mp4; D14_20260324091315.mp4; ...
TSSDC_Mumbai,2026-03-25 15:53:56.936000 UTC,2026-03-25,2026-03-25,Cam_01,D14_20260324102110.mp4,11:19:49,59,0,59,Day0325_NF_061,no_face_track,10:45:04,10:45:05,1,0,,2026_03_25_attendance_report.json,0,,,0.0,198,49,49,D14_20260324090240.mp4; D14_20260324090338.mp4; D14_20260324090815.mp4; D14_20260324090949.mp4; D14_20260324091315.mp4; ...
TSSDC_Mumbai,2026-03-25 15:53:56.936000 UTC,2026-03-25,2026-03-25,Cam_01,D14_20260324102110.mp4,11:19:49,59,0,59,Day0325_NF_062,no_face_track,10:45:06,10:45:06,0,0,,2026_03_25_attendance_report.json,0,,,0.0,198,49,49,D14_20260324090240.mp4; D14_20260324090338.mp4; D14_20260324090815.mp4; D14_20260324090949.mp4; D14_20260324091315.mp4; ...
TSSDC_Mumbai,2026-03-25 15:53:56.936000 UTC,2026-03-25,2026-03-25,Cam_01,D14_20260324102110.mp4,11:19:49,59,0,59,Day0325_NF_063,no_face_track,11:15:48,11:15:53,5,0,,2026_03_25_attendance_report.json,0,,,0.0,198,48,48,D14_20260324090240.mp4; D14_20260324090338.mp4; D14_20260324090815.mp4; D14_20260324090949.mp4; D14_20260324091315.mp4; ...
Mumbai_Center,2026-03-25 15:57:00.568000 UTC,2026-03-25,2026-03-25,Cam_01,D14_20260311094703.mp4,09:52:00,13,0,13,Day0325_NF_064,no_face_track,09:51:48,09:52:00,12,0,,2026_03_25_attendance_report.json,0,,,0.0,50,1,1,D14_20260311094703.mp4
TSSDC_Mumbai,2026-03-25 15:53:56.936000 UTC,2026-03-25,2026-03-25,Cam_01,D14_20260324102110.mp4,11:19:49,59,0,59,Day0325_NF_064,no_face_track,11:16:01,11:16:02,1,0,,2026_03_25_attendance_report.json,0,,,0.0,198,48,48,D14_20260324090240.mp4; D14_20260324090338.mp4; D14_20260324090815.mp4; D14_20260324090949.mp4; D14_20260324091315.mp4; ...
TSSDC_Mumbai,2026-03-25 15:53:56.936000 UTC,2026-03-25,2026-03-25,Cam_01,D14_20260324102110.mp4,11:19:49,59,0,59,Day0325_NF_067,no_face_track,11:16:28,11:16:34,6,0,,2026_03_25_attendance_report.json,0,,,0.0,198,48,48,D14_20260324090240.mp4; D14_20260324090338.mp4; D14_20260324090815.mp4; D14_20260324090949.mp4; D14_20260324091315.mp4; ...
TSSDC_Mumbai,2026-03-25 15:53:56.936000 UTC,2026-03-25,2026-03-25,Cam_01,D14_20260324102110.mp4,11:19:49,59,0,59,Day0325_NF_068,no_face_track,11:16:32,11:16:34,2,0,,2026_03_25_attendance_report.json,0,,,0.0,198,48,48,D14_20260324090240.mp4; D14_20260324090338.mp4; D14_20260324090815.mp4; D14_20260324090949.mp4; D14_20260324091315.mp4; ...
TSSDC_Mumbai,2026-03-25 15:53:56.936000 UTC,2026-03-25,2026-03-25,Cam_01,D14_20260324102110.mp4,11:19:49,59,0,59,Day0325_NF_069,no_face_track,11:17:02,11:17:02,0,0,,2026_03_25_attendance_report.json,0,,,0.0,198,48,48,D14_20260324090240.mp4; D14_20260324090338.mp4; D14_20260324090815.mp4; D14_20260324090949.mp4; D14_20260324091315.mp4; ...
TSSDC_Mumbai,2026-03-25 15:53:56.936000 UTC,2026-03-25,2026-03-25,Cam_01,D14_20260324102110.mp4,11:19:49,59,0,59,Day0325_NF_070,no_face_track,11:17:02,11:17:06,4,0,,2026_03_25_attendance_report.json,0,,,0.0,198,48,48,D14_20260324090240.mp4; D14_20260324090338.mp4; D14_20260324090815.mp4; D14_20260324090949.mp4; D14_20260324091315.mp4; ...
TSSDC_Mumbai,2026-03-25 15:53:56.936000 UTC,2026-03-25,2026-03-25,Cam_01,D14_20260324102110.mp4,11:19:49,59,0,59,Day0325_NF_071,no_face_track,11:17:10,11:17:10,0,0,,2026_03_25_attendance_report.json,0,,,0.0,198,48,48,D14_20260324090240.mp4; D14_20260324090338.mp4; D14_20260324090815.mp4; D14_20260324090949.mp4; D14_20260324091315.mp4; ...
TSSDC_Mumbai,2026-03-25 15:53:56.936000 UTC,2026-03-25,2026-03-25,Cam_01,D14_20260324102110.mp4,11:19:49,59,0,59,Day0325_NF_072,no_face_track,11:17:10,11:17:10,0,0,,2026_03_25_attendance_report.json,0,,,0.0,198,48,48,D14_20260324090240.mp4; D14_20260324090338.mp4; D14_20260324090815.mp4; D14_20260324090949.mp4; D14_20260324091315.mp4; ...
TSSDC_Mumbai,2026-03-25 15:53:56.936000 UTC,2026-03-25,2026-03-25,Cam_01,D14_20260324102110.mp4,11:19:49,59,0,59,Day0325_NF_073,no_face_track,11:17:14,11:17:14,0,0,,2026_03_25_attendance_report.json,0,,,0.0,198,48,48,D14_20260324090240.mp4; D14_20260324090338.mp4; D14_20260324090815.mp4; D14_20260324090949.mp4; D14_20260324091315.mp4; ...
TSSDC_Mumbai,2026-03-25 15:53:56.936000 UTC,2026-03-25,2026-03-25,Cam_01,D14_20260324102110.mp4,11:19:49,59,0,59,Day0325_NF_074,no_face_track,11:17:50,11:17:58,8,0,,2026_03_25_attendance_report.json,0,,,0.0,198,48,48,D14_20260324090240.mp4; D14_20260324090338.mp4; D14_20260324090815.mp4; D14_20260324090949.mp4; D14_20260324091315.mp4; ...
TSSDC_Mumbai,2026-03-25 15:53:56.936000 UTC,2026-03-25,2026-03-25,Cam_01,D14_20260324102110.mp4,11:19:49,59,0,59,Day0325_NF_075,no_face_track,11:17:55,11:17:59,4,0,,2026_03_25_attendance_report.json,0,,,0.0,198,48,48,D14_20260324090240.mp4; D14_20260324090338.mp4; D14_20260324090815.mp4; D14_20260324090949.mp4; D14_20260324091315.mp4; ...
TSSDC_Mumbai,2026-03-25 15:53:56.936000 UTC,2026-03-25,2026-03-25,Cam_01,D14_20260324102110.mp4,11:19:49,59,0,59,Day0325_NF_076,no_face_track,11:17:58,11:17:59,1,0,,2026_03_25_attendance_report.json,0,,,0.0,198,48,48,D14_20260324090240.mp4; D14_20260324090338.mp4; D14_20260324090815.mp4; D14_20260324090949.mp4; D14_20260324091315.mp4; ...
TSSDC_Mumbai,2026-03-25 15:53:56.936000 UTC,2026-03-25,2026-03-25,Cam_01,D14_20260324102110.mp4,11:19:49,59,0,59,Day0325_NF_077,no_face_track,11:18:01,11:18:01,0,0,,2026_03_25_attendance_report.json,0,,,0.0,198,48,48,D14_20260324090240.mp4; D14_20260324090338.mp4; D14_20260324090815.mp4; D14_20260324090949.mp4; D14_20260324091315.mp4; ...
TSSDC_Mumbai,2026-03-25 15:53:56.936000 UTC,2026-03-25,2026-03-25,Cam_01,D14_20260324102110.mp4,11:19:49,59,0,59,Day0325_NF_078,no_face_track,11:18:31,11:18:35,4,0,,2026_03_25_attendance_report.json,0,,,0.0,198,48,48,D14_20260324090240.mp4; D14_20260324090338.mp4; D14_20260324090815.mp4; D14_20260324090949.mp4; D14_20260324091315.mp4; ...
TSSDC_Mumbai,2026-03-25 15:53:56.936000 UTC,2026-03-25,2026-03-25,Cam_01,D14_20260324102110.mp4,11:19:49,59,0,59,Day0325_NF_080,no_face_track,11:18:38,11:18:40,2,0,,2026_03_25_attendance_report.json,0,,,0.0,198,48,48,D14_20260324090240.mp4; D14_20260324090338.mp4; D14_20260324090815.mp4; D14_20260324090949.mp4; D14_20260324091315.mp4; ...
TSSDC_Mumbai,2026-03-25 15:53:56.936000 UTC,2026-03-25,2026-03-25,Cam_01,D14_20260324102110.mp4,11:19:49,59,0,59,Day0325_NF_081,no_face_track,11:18:38,11:18:40,2,0,,2026_03_25_attendance_report.json,0,,,0.0,198,48,48,D14_20260324090240.mp4; D14_20260324090338.mp4; D14_20260324090815.mp4; D14_20260324090949.mp4; D14_20260324091315.mp4; ...
TSSDC_Mumbai,2026-03-25 15:53:56.936000 UTC,2026-03-25,2026-03-25,Cam_01,D14_20260324102110.mp4,11:19:49,59,0,59,Day0325_NF_082,no_face_track,11:18:40,11:18:41,1,0,,2026_03_25_attendance_report.json,0,,,0.0,198,48,48,D14_20260324090240.mp4; D14_20260324090338.mp4; D14_20260324090815.mp4; D14_20260324090949.mp4; D14_20260324091315.mp4; ...
TSSDC_Mumbai,2026-03-25 15:53:56.936000 UTC,2026-03-25,2026-03-25,Cam_01,D14_20260324102110.mp4,11:19:49,59,0,59,Day0325_NF_083,no_face_track,11:18:40,11:18:53,13,0,,2026_03_25_attendance_report.json,0,,,0.0,198,48,48,D14_20260324090240.mp4; D14_20260324090338.mp4; D14_20260324090815.mp4; D14_20260324090949.mp4; D14_20260324091315.mp4; ...
TSSDC_Mumbai,2026-03-25 15:53:56.936000 UTC,2026-03-25,2026-03-25,Cam_01,D14_20260324102110.mp4,11:19:49,59,0,59,Day0325_NF_084,no_face_track,11:18:40,11:18:41,1,0,,2026_03_25_attendance_report.json,0,,,0.0,198,48,48,D14_20260324090240.mp4; D14_20260324090338.mp4; D14_20260324090815.mp4; D14_20260324090949.mp4; D14_20260324091315.mp4; ...
TSSDC_Mumbai,2026-03-25 15:53:56.936000 UTC,2026-03-25,2026-03-25,Cam_01,D14_20260324102110.mp4,11:19:49,59,0,59,Day0325_NF_085,no_face_track,11:18:42,11:18:44,2,0,,2026_03_25_attendance_report.json,0,,,0.0,198,48,48,D14_20260324090240.mp4; D14_20260324090338.mp4; D14_20260324090815.mp4; D14_20260324090949.mp4; D14_20260324091315.mp4; ...
TSSDC_Mumbai,2026-03-25 15:53:56.936000 UTC,2026-03-25,2026-03-25,Cam_01,D14_20260324102110.mp4,11:19:49,59,0,59,Day0325_NF_086,no_face_track,11:18:42,11:18:50,8,0,,2026_03_25_attendance_report.json,0,,,0.0,198,48,48,D14_20260324090240.mp4; D14_20260324090338.mp4; D14_20260324090815.mp4; D14_20260324090949.mp4; D14_20260324091315.mp4; ...
TSSDC_Mumbai,2026-03-25 15:53:56.936000 UTC,2026-03-25,2026-03-25,Cam_01,D14_20260324102110.mp4,11:19:49,59,0,59,Day0325_NF_087,no_face_track,11:18:43,11:18:44,1,0,,2026_03_25_attendance_report.json,0,,,0.0,198,48,48,D14_20260324090240.mp4; D14_20260324090338.mp4; D14_20260324090815.mp4; D14_20260324090949.mp4; D14_20260324091315.mp4; ...
TSSDC_Mumbai,2026-03-25 15:53:56.936000 UTC,2026-03-25,2026-03-25,Cam_01,D14_20260324102110.mp4,11:19:49,59,0,59,Day0325_NF_088,no_face_track,11:18:46,11:18:48,2,0,,2026_03_25_attendance_report.json,0,,,0.0,198,48,48,D14_20260324090240.mp4; D14_20260324090338.mp4; D14_20260324090815.mp4; D14_20260324090949.mp4; D14_20260324091315.mp4; ...
TSSDC_Mumbai,2026-03-25 15:53:56.936000 UTC,2026-03-25,2026-03-25,Cam_01,D14_20260324102110.mp4,11:19:49,59,0,59,Day0325_NF_089,no_face_track,11:18:47,11:18:47,0,0,,2026_03_25_attendance_report.json,0,,,0.0,198,48,48,D14_20260324090240.mp4; D14_20260324090338.mp4; D14_20260324090815.mp4; D14_20260324090949.mp4; D14_20260324091315.mp4; ...
TSSDC_Mumbai,2026-03-25 15:53:56.936000 UTC,2026-03-25,2026-03-25,Cam_01,D14_20260324102110.mp4,11:19:49,59,0,59,Day0325_NF_090,no_face_track,11:18:47,11:18:50,3,0,,2026_03_25_attendance_report.json,0,,,0.0,198,48,48,D14_20260324090240.mp4; D14_20260324090338.mp4; D14_20260324090815.mp4; D14_20260324090949.mp4; D14_20260324091315.mp4; ...
TSSDC_Mumbai,2026-03-25 15:53:56.936000 UTC,2026-03-25,2026-03-25,Cam_01,D14_20260324102110.mp4,11:19:49,59,0,59,Day0325_NF_091,no_face_track,11:18:49,11:18:55,6,0,,2026_03_25_attendance_report.json,0,,,0.0,198,48,48,D14_20260324090240.mp4; D14_20260324090338.mp4; D14_20260324090815.mp4; D14_20260324090949.mp4; D14_20260324091315.mp4; ...
TSSDC_Mumbai,2026-03-25 15:53:56.936000 UTC,2026-03-25,2026-03-25,Cam_01,D14_20260324102110.mp4,11:19:49,59,0,59,Day0325_NF_092,no_face_track,11:18:50,11:18:50,0,0,,2026_03_25_attendance_report.json,0,,,0.0,198,48,48,D14_20260324090240.mp4; D14_20260324090338.mp4; D14_20260324090815.mp4; D14_20260324090949.mp4; D14_20260324091315.mp4; ...
TSSDC_Mumbai,2026-03-25 15:53:56.936000 UTC,2026-03-25,2026-03-25,Cam_01,D14_20260324102110.mp4,11:19:49,59,0,59,Day0325_NF_093,no_face_track,11:18:55,11:18:55,0,0,,2026_03_25_attendance_report.json,0,,,0.0,198,48,48,D14_20260324090240.mp4; D14_20260324090338.mp4; D14_20260324090815.mp4; D14_20260324090949.mp4; D14_20260324091315.mp4; ...
TSSDC_Mumbai,2026-03-25 15:53:56.936000 UTC,2026-03-25,2026-03-25,Cam_01,D14_20260324102110.mp4,11:19:49,59,0,59,Day0325_NF_095,no_face_track,11:19:16,11:19:16,0,0,,2026_03_25_attendance_report.json,0,,,0.0,198,48,48,D14_20260324090240.mp4; D14_20260324090338.mp4; D14_20260324090815.mp4; D14_20260324090949.mp4; D14_20260324091315.mp4; ...
TSSDC_Mumbai,2026-03-25 15:53:56.936000 UTC,2026-03-25,2026-03-25,Cam_01,D14_20260324102110.mp4,11:19:49,59,0,59,Day0325_NF_096,no_face_track,11:19:19,11:19:28,9,0,,2026_03_25_attendance_report.json,0,,,0.0,198,48,48,D14_20260324090240.mp4; D14_20260324090338.mp4; D14_20260324090815.mp4; D14_20260324090949.mp4; D14_20260324091315.mp4; ...
TSSDC_Mumbai,2026-03-25 15:53:56.936000 UTC,2026-03-25,2026-03-25,Cam_01,D14_20260324102110.mp4,11:19:49,59,0,59,Day0325_NF_097,no_face_track,11:19:24,11:19:24,0,0,,2026_03_25_attendance_report.json,0,,,0.0,198,48,48,D14_20260324090240.mp4; D14_20260324090338.mp4; D14_20260324090815.mp4; D14_20260324090949.mp4; D14_20260324091315.mp4; ...
TSSDC_Mumbai,2026-03-25 15:53:56.936000 UTC,2026-03-25,2026-03-25,Cam_01,D14_20260324102110.mp4,11:19:49,59,0,59,Day0325_NF_100,no_face_track,11:19:46,11:19:46,0,0,,2026_03_25_attendance_report.json,0,,,0.0,198,48,48,D14_20260324090240.mp4; D14_20260324090338.mp4; D14_20260324090815.mp4; D14_20260324090949.mp4; D14_20260324091315.mp4; ...
TSSDC_Mumbai,2026-03-25 15:53:56.936000 UTC,2026-03-25,2026-03-25,Cam_01,D14_20260324102110.mp4,11:19:49,59,0,59,Day0325_NF_103,no_face_track,09:03:59,09:04:00,1,0,,2026_03_25_attendance_report.json,0,,,0.0,198,46,46,D14_20260324090338.mp4; D14_20260324090815.mp4; D14_20260324090949.mp4; D14_20260324091315.mp4; D14_20260324091456.mp4; ...
TSSDC_Mumbai,2026-03-25 15:53:56.936000 UTC,2026-03-25,2026-03-25,Cam_01,D14_20260324102110.mp4,11:19:49,59,0,59,Day0325_NF_104,no_face_track,09:04:00,09:04:00,0,0,,2026_03_25_attendance_report.json,0,,,0.0,198,46,46,D14_20260324090338.mp4; D14_20260324090815.mp4; D14_20260324090949.mp4; D14_20260324091315.mp4; D14_20260324091456.mp4; ...
TSSDC_Mumbai,2026-03-25 15:53:56.936000 UTC,2026-03-25,2026-03-25,Cam_01,D14_20260324102110.mp4,11:19:49,59,0,59,Day0325_NF_106,no_face_track,09:05:06,09:05:07,1,0,,2026_03_25_attendance_report.json,0,,,0.0,198,46,46,D14_20260324090338.mp4; D14_20260324090815.mp4; D14_20260324090949.mp4; D14_20260324091315.mp4; D14_20260324091456.mp4; ...
TSSDC_Mumbai,2026-03-25 15:53:56.936000 UTC,2026-03-25,2026-03-25,Cam_01,D14_20260324102110.mp4,11:19:49,59,0,59,Day0325_NF_107,no_face_track,09:08:20,09:08:25,5,0,,2026_03_25_attendance_report.json,0,,,0.0,198,45,45,D14_20260324090815.mp4; D14_20260324090949.mp4; D14_20260324091315.mp4; D14_20260324091456.mp4; D14_20260324091847.mp4; ...
TSSDC_Mumbai,2026-03-25 15:53:56.936000 UTC,2026-03-25,2026-03-25,Cam_01,D14_20260324102110.mp4,11:19:49,59,0,59,Day0325_NF_108,no_face_track,09:10:01,09:10:05,4,0,,2026_03_25_attendance_report.json,0,,,0.0,198,44,44,D14_20260324090949.mp4; D14_20260324091315.mp4; D14_20260324091456.mp4; D14_20260324091847.mp4; D14_20260324092104.mp4; ...
TSSDC_Mumbai,2026-03-25 15:53:56.936000 UTC,2026-03-25,2026-03-25,Cam_01,D14_20260324102110.mp4,11:19:49,59,0,59,Day0325_NF_109,no_face_track,09:10:27,09:10:32,5,0,,2026_03_25_attendance_report.json,0,,,0.0,198,44,44,D14_20260324090949.mp4; D14_20260324091315.mp4; D14_20260324091456.mp4; D14_20260324091847.mp4; D14_20260324092104.mp4; ...
TSSDC_Mumbai,2026-03-25 15:53:56.936000 UTC,2026-03-25,2026-03-25,Cam_01,D14_20260324102110.mp4,11:19:49,59,0,59,Day0325_NF_110,no_face_track,09:10:33,09:10:34,1,0,,2026_03_25_attendance_report.json,0,,,0.0,198,44,44,D14_20260324090949.mp4; D14_20260324091315.mp4; D14_20260324091456.mp4; D14_20260324091847.mp4; D14_20260324092104.mp4; ...
TSSDC_Mumbai,2026-03-25 15:53:56.936000 UTC,2026-03-25,2026-03-25,Cam_01,D14_20260324102110.mp4,11:19:49,59,0,59,Day0325_NF_111,no_face_track,09:10:38,09:10:39,1,0,,2026_03_25_attendance_report.json,0,,,0.0,198,44,44,D14_20260324090949.mp4; D14_20260324091315.mp4; D14_20260324091456.mp4; D14_20260324091847.mp4; D14_20260324092104.mp4; ...
TSSDC_Mumbai,2026-03-25 15:53:56.936000 UTC,2026-03-25,2026-03-25,Cam_01,D14_20260324102110.mp4,11:19:49,59,0,59,Day0325_NF_112,no_face_track,09:14:09,09:14:10,1,0,,2026_03_25_attendance_report.json,0,,,0.0,198,43,43,D14_20260324091315.mp4; D14_20260324091456.mp4; D14_20260324091847.mp4; D14_20260324092104.mp4; D14_20260324092555.mp4; ...
TSSDC_Mumbai,2026-03-25 15:53:56.936000 UTC,2026-03-25,2026-03-25,Cam_01,D14_20260324102110.mp4,11:19:49,59,0,59,Day0325_NF_113,no_face_track,09:14:59,09:15:00,1,0,,2026_03_25_attendance_report.json,0,,,0.0,198,42,42,D14_20260324091456.mp4; D14_20260324091847.mp4; D14_20260324092104.mp4; D14_20260324092555.mp4; D14_20260324093026.mp4; ...
TSSDC_Mumbai,2026-03-25 15:53:56.936000 UTC,2026-03-25,2026-03-25,Cam_01,D14_20260324102110.mp4,11:19:49,59,0,59,Day0325_NF_114,no_face_track,09:19:21,09:19:23,2,0,,2026_03_25_attendance_report.json,0,,,0.0,198,41,41,D14_20260324091847.mp4; D14_20260324092104.mp4; D14_20260324092555.mp4; D14_20260324093026.mp4; D14_20260324093152.mp4; ...
TSSDC_Mumbai,2026-03-25 15:53:56.936000 UTC,2026-03-25,2026-03-25,Cam_01,D14_20260324102110.mp4,11:19:49,59,0,59,Day0325_NF_115,no_face_track,09:19:23,09:19:23,0,0,,2026_03_25_attendance_report.json,0,,,0.0,198,41,41,D14_20260324091847.mp4; D14_20260324092104.mp4; D14_20260324092555.mp4; D14_20260324093026.mp4; D14_20260324093152.mp4; ...
TSSDC_Mumbai,2026-03-25 15:53:56.936000 UTC,2026-03-25,2026-03-25,Cam_01,D14_20260324102110.mp4,11:19:49,59,0,59,Day0325_NF_117,no_face_track,09:19:33,09:19:33,0,0,,2026_03_25_attendance_report.json,0,,,0.0,198,41,41,D14_20260324091847.mp4; D14_20260324092104.mp4; D14_20260324092555.mp4; D14_20260324093026.mp4; D14_20260324093152.mp4; ...
TSSDC_Mumbai,2026-03-25 15:53:56.936000 UTC,2026-03-25,2026-03-25,Cam_01,D14_20260324102110.mp4,11:19:49,59,0,59,Day0325_NF_118,no_face_track,09:19:33,09:19:37,4,0,,2026_03_25_attendance_report.json,0,,,0.0,198,41,41,D14_20260324091847.mp4; D14_20260324092104.mp4; D14_20260324092555.mp4; D14_20260324093026.mp4; D14_20260324093152.mp4; ...
TSSDC_Mumbai,2026-03-25 15:53:56.936000 UTC,2026-03-25,2026-03-25,Cam_01,D14_20260324102110.mp4,11:19:49,59,0,59,Day0325_NF_119,no_face_track,09:19:37,09:19:37,0,0,,2026_03_25_attendance_report.json,0,,,0.0,198,41,41,D14_20260324091847.mp4; D14_20260324092104.mp4; D14_20260324092555.mp4; D14_20260324093026.mp4; D14_20260324093152.mp4; ...
TSSDC_Mumbai,2026-03-25 15:53:56.936000 UTC,2026-03-25,2026-03-25,Cam_01,D14_20260324102110.mp4,11:19:49,59,0,59,Day0325_NF_120,no_face_track,09:21:12,09:21:17,5,0,,2026_03_25_attendance_report.json,0,,,0.0,198,40,40,D14_20260324092104.mp4; D14_20260324092555.mp4; D14_20260324093026.mp4; D14_20260324093152.mp4; D14_20260324093338.mp4; ...
TSSDC_Mumbai,2026-03-25 15:53:56.936000 UTC,2026-03-25,2026-03-25,Cam_01,D14_20260324102110.mp4,11:19:49,59,0,59,Day0325_NF_121,no_face_track,09:21:12,09:21:12,0,0,,2026_03_25_attendance_report.json,0,,,0.0,198,40,40,D14_20260324092104.mp4; D14_20260324092555.mp4; D14_20260324093026.mp4; D14_20260324093152.mp4; D14_20260324093338.mp4; ...
TSSDC_Mumbai,2026-03-25 15:53:56.936000 UTC,2026-03-25,2026-03-25,Cam_01,D14_20260324102110.mp4,11:19:49,59,0,59,Day0325_NF_122,no_face_track,09:21:17,09:21:17,0,0,,2026_03_25_attendance_report.json,0,,,0.0,198,40,40,D14_20260324092104.mp4; D14_20260324092555.mp4; D14_20260324093026.mp4; D14_20260324093152.mp4; D14_20260324093338.mp4; ...
TSSDC_Mumbai,2026-03-25 15:53:56.936000 UTC,2026-03-25,2026-03-25,Cam_01,D14_20260324102110.mp4,11:19:49,59,0,59,Day0325_NF_124,no_face_track,09:22:40,09:22:47,7,0,,2026_03_25_attendance_report.json,0,,,0.0,198,40,40,D14_20260324092104.mp4; D14_20260324092555.mp4; D14_20260324093026.mp4; D14_20260324093152.mp4; D14_20260324093338.mp4; ...
TSSDC_Mumbai,2026-03-25 15:53:56.936000 UTC,2026-03-25,2026-03-25,Cam_01,D14_20260324102110.mp4,11:19:49,59,0,59,Day0325_NF_125,no_face_track,09:22:44,09:22:46,2,0,,2026_03_25_attendance_report.json,0,,,0.0,198,40,40,D14_20260324092104.mp4; D14_20260324092555.mp4; D14_20260324093026.mp4; D14_20260324093152.mp4; D14_20260324093338.mp4; ...
TSSDC_Mumbai,2026-03-25 15:53:56.936000 UTC,2026-03-25,2026-03-25,Cam_01,D14_20260324102110.mp4,11:19:49,59,0,59,Day0325_NF_126,no_face_track,09:22:44,09:22:46,2,0,,2026_03_25_attendance_report.json,0,,,0.0,198,40,40,D14_20260324092104.mp4; D14_20260324092555.mp4; D14_20260324093026.mp4; D14_20260324093152.mp4; D14_20260324093338.mp4; ...
TSSDC_Mumbai,2026-03-25 15:53:56.936000 UTC,2026-03-25,2026-03-25,Cam_01,D14_20260324102110.mp4,11:19:49,59,0,59,Day0325_NF_127,no_face_track,09:22:46,09:22:49,3,0,,2026_03_25_attendance_report.json,0,,,0.0,198,40,40,D14_20260324092104.mp4; D14_20260324092555.mp4; D14_20260324093026.mp4; D14_20260324093152.mp4; D14_20260324093338.mp4; ...
TSSDC_Mumbai,2026-03-25 15:53:56.936000 UTC,2026-03-25,2026-03-25,Cam_01,D14_20260324102110.mp4,11:19:49,59,0,59,Day0325_NF_128,no_face_track,09:22:46,09:22:48,2,0,,2026_03_25_attendance_report.json,0,,,0.0,198,40,40,D14_20260324092104.mp4; D14_20260324092555.mp4; D14_20260324093026.mp4; D14_20260324093152.mp4; D14_20260324093338.mp4; ...
TSSDC_Mumbai,2026-03-25 15:53:56.936000 UTC,2026-03-25,2026-03-25,Cam_01,D14_20260324102110.mp4,11:19:49,59,0,59,Day0325_NF_129,no_face_track,09:22:48,09:22:49,1,0,,2026_03_25_attendance_report.json,0,,,0.0,198,40,40,D14_20260324092104.mp4; D14_20260324092555.mp4; D14_20260324093026.mp4; D14_20260324093152.mp4; D14_20260324093338.mp4; ...
TSSDC_Mumbai,2026-03-25 15:53:56.936000 UTC,2026-03-25,2026-03-25,Cam_01,D14_20260324102110.mp4,11:19:49,59,0,59,Day0325_NF_130,no_face_track,09:22:49,09:22:49,0,0,,2026_03_25_attendance_report.json,0,,,0.0,198,40,40,D14_20260324092104.mp4; D14_20260324092555.mp4; D14_20260324093026.mp4; D14_20260324093152.mp4; D14_20260324093338.mp4; ...
TSSDC_Mumbai,2026-03-25 15:53:56.936000 UTC,2026-03-25,2026-03-25,Cam_01,D14_20260324102110.mp4,11:19:49,59,0,59,Day0325_NF_131,no_face_track,09:22:49,09:22:50,1,0,,2026_03_25_attendance_report.json,0,,,0.0,198,40,40,D14_20260324092104.mp4; D14_20260324092555.mp4; D14_20260324093026.mp4; D14_20260324093152.mp4; D14_20260324093338.mp4; ...
TSSDC_Mumbai,2026-03-25 15:53:56.936000 UTC,2026-03-25,2026-03-25,Cam_01,D14_20260324102110.mp4,11:19:49,59,0,59,Day0325_NF_135,no_face_track,09:24:19,09:24:26,7,0,,2026_03_25_attendance_report.json,0,,,0.0,198,40,40,D14_20260324092104.mp4; D14_20260324092555.mp4; D14_20260324093026.mp4; D14_20260324093152.mp4; D14_20260324093338.mp4; ...
TSSDC_Mumbai,2026-03-25 15:53:56.936000 UTC,2026-03-25,2026-03-25,Cam_01,D14_20260324102110.mp4,11:19:49,59,0,59,Day0325_NF_136,no_face_track,09:24:26,09:24:47,21,0,,2026_03_25_attendance_report.json,0,,,0.0,198,40,40,D14_20260324092104.mp4; D14_20260324092555.mp4; D14_20260324093026.mp4; D14_20260324093152.mp4; D14_20260324093338.mp4; ...
TSSDC_Mumbai,2026-03-25 15:53:56.936000 UTC,2026-03-25,2026-03-25,Cam_01,D14_20260324102110.mp4,11:19:49,59,0,59,Day0325_NF_137,no_face_track,09:24:37,09:24:37,0,0,,2026_03_25_attendance_report.json,0,,,0.0,198,40,40,D14_20260324092104.mp4; D14_20260324092555.mp4; D14_20260324093026.mp4; D14_20260324093152.mp4; D14_20260324093338.mp4; ...
TSSDC_Mumbai,2026-03-25 15:53:56.936000 UTC,2026-03-25,2026-03-25,Cam_01,D14_20260324102110.mp4,11:19:49,59,0,59,Day0325_NF_138,no_face_track,09:24:44,09:24:46,2,0,,2026_03_25_attendance_report.json,0,,,0.0,198,40,40,D14_20260324092104.mp4; D14_20260324092555.mp4; D14_20260324093026.mp4; D14_20260324093152.mp4; D14_20260324093338.mp4; ...
TSSDC_Mumbai,2026-03-25 15:53:56.936000 UTC,2026-03-25,2026-03-25,Cam_01,D14_20260324102110.mp4,11:19:49,59,0,59,Day0325_NF_140,no_face_track,09:24:56,09:24:58,2,0,,2026_03_25_attendance_report.json,0,,,0.0,198,40,40,D14_20260324092104.mp4; D14_20260324092555.mp4; D14_20260324093026.mp4; D14_20260324093152.mp4; D14_20260324093338.mp4; ...
TSSDC_Mumbai,2026-03-25 15:53:56.936000 UTC,2026-03-25,2026-03-25,Cam_01,D14_20260324102110.mp4,11:19:49,59,0,59,Day0325_NF_141,no_face_track,09:25:14,09:25:17,3,0,,2026_03_25_attendance_report.json,0,,,0.0,198,40,40,D14_20260324092104.mp4; D14_20260324092555.mp4; D14_20260324093026.mp4; D14_20260324093152.mp4; D14_20260324093338.mp4; ...
TSSDC_Mumbai,2026-03-25 15:53:56.936000 UTC,2026-03-25,2026-03-25,Cam_01,D14_20260324102110.mp4,11:19:49,59,0,59,Day0325_NF_142,no_face_track,09:26:03,09:26:03,0,0,,2026_03_25_attendance_report.json,0,,,0.0,198,39,39,D14_20260324092555.mp4; D14_20260324093026.mp4; D14_20260324093152.mp4; D14_20260324093338.mp4; D14_20260324093628.mp4; ...
TSSDC_Mumbai,2026-03-25 15:53:56.936000 UTC,2026-03-25,2026-03-25,Cam_01,D14_20260324102110.mp4,11:19:49,59,0,59,Day0325_NF_143,no_face_track,09:26:03,09:26:04,1,0,,2026_03_25_attendance_report.json,0,,,0.0,198,39,39,D14_20260324092555.mp4; D14_20260324093026.mp4; D14_20260324093152.mp4; D14_20260324093338.mp4; D14_20260324093628.mp4; ...
TSSDC_Mumbai,2026-03-25 15:53:56.936000 UTC,2026-03-25,2026-03-25,Cam_01,D14_20260324102110.mp4,11:19:49,59,0,59,Day0325_NF_144,no_face_track,09:26:03,09:26:06,3,0,,2026_03_25_attendance_report.json,0,,,0.0,198,39,39,D14_20260324092555.mp4; D14_20260324093026.mp4; D14_20260324093152.mp4; D14_20260324093338.mp4; D14_20260324093628.mp4; ...
TSSDC_Mumbai,2026-03-25 15:53:56.936000 UTC,2026-03-25,2026-03-25,Cam_01,D14_20260324102110.mp4,11:19:49,59,0,59,Day0325_NF_145,no_face_track,09:26:04,09:26:06,2,0,,2026_03_25_attendance_report.json,0,,,0.0,198,39,39,D14_20260324092555.mp4; D14_20260324093026.mp4; D14_20260324093152.mp4; D14_20260324093338.mp4; D14_20260324093628.mp4; ...
TSSDC_Mumbai,2026-03-25 15:53:56.936000 UTC,2026-03-25,2026-03-25,Cam_01,D14_20260324102110.mp4,11:19:49,59,0,59,Day0325_NF_146,no_face_track,09:26:06,09:26:08,2,0,,2026_03_25_attendance_report.json,0,,,0.0,198,39,39,D14_20260324092555.mp4; D14_20260324093026.mp4; D14_20260324093152.mp4; D14_20260324093338.mp4; D14_20260324093628.mp4; ...
TSSDC_Mumbai,2026-03-25 15:53:56.936000 UTC,2026-03-25,2026-03-25,Cam_01,D14_20260324102110.mp4,11:19:49,59,0,59,Day0325_NF_149,no_face_track,09:26:27,09:26:27,0,0,,2026_03_25_attendance_report.json,0,,,0.0,198,39,39,D14_20260324092555.mp4; D14_20260324093026.mp4; D14_20260324093152.mp4; D14_20260324093338.mp4; D14_20260324093628.mp4; ...
TSSDC_Mumbai,2026-03-25 15:53:56.936000 UTC,2026-03-25,2026-03-25,Cam_01,D14_20260324102110.mp4,11:19:49,59,0,59,Day0325_NF_150,no_face_track,09:26:27,09:26:30,3,0,,2026_03_25_attendance_report.json,0,,,0.0,198,39,39,D14_20260324092555.mp4; D14_20260324093026.mp4; D14_20260324093152.mp4; D14_20260324093338.mp4; D14_20260324093628.mp4; ...
TSSDC_Mumbai,2026-03-25 15:53:56.936000 UTC,2026-03-25,2026-03-25,Cam_01,D14_20260324102110.mp4,11:19:49,59,0,59,Day0325_NF_151,no_face_track,09:27:22,09:27:30,8,0,,2026_03_25_attendance_report.json,0,,,0.0,198,39,39,D14_20260324092555.mp4; D14_20260324093026.mp4; D14_20260324093152.mp4; D14_20260324093338.mp4; D14_20260324093628.mp4; ...
TSSDC_Mumbai,2026-03-25 15:53:56.936000 UTC,2026-03-25,2026-03-25,Cam_01,D14_20260324102110.mp4,11:19:49,59,0,59,Day0325_NF_152,no_face_track,09:27:30,09:27:32,2,0,,2026_03_25_attendance_report.json,0,,,0.0,198,39,39,D14_20260324092555.mp4; D14_20260324093026.mp4; D14_20260324093152.mp4; D14_20260324093338.mp4; D14_20260324093628.mp4; ...
TSSDC_Mumbai,2026-03-25 15:53:56.936000 UTC,2026-03-25,2026-03-25,Cam_01,D14_20260324102110.mp4,11:19:49,59,0,59,Day0325_NF_153,no_face_track,09:30:31,09:30:34,3,0,,2026_03_25_attendance_report.json,0,,,0.0,198,38,38,D14_20260324093026.mp4; D14_20260324093152.mp4; D14_20260324093338.mp4; D14_20260324093628.mp4; D14_20260324093956.mp4; ...
TSSDC_Mumbai,2026-03-25 15:53:56.936000 UTC,2026-03-25,2026-03-25,Cam_01,D14_20260324102110.mp4,11:19:49,59,0,59,Day0325_NF_155,no_face_track,09:31:04,09:31:13,9,0,,2026_03_25_attendance_report.json,0,,,0.0,198,38,38,D14_20260324093026.mp4; D14_20260324093152.mp4; D14_20260324093338.mp4; D14_20260324093628.mp4; D14_20260324093956.mp4; ...
TSSDC_Mumbai,2026-03-25 15:53:56.936000 UTC,2026-03-25,2026-03-25,Cam_01,D14_20260324102110.mp4,11:19:49,59,0,59,Day0325_NF_156,no_face_track,09:32:00,09:32:05,5,0,,2026_03_25_attendance_report.json,0,,,0.0,198,37,37,D14_20260324093152.mp4; D14_20260324093338.mp4; D14_20260324093628.mp4; D14_20260324093956.mp4; D14_20260324094151.mp4; ...
TSSDC_Mumbai,2026-03-25 15:53:56.936000 UTC,2026-03-25,2026-03-25,Cam_01,D14_20260324102110.mp4,11:19:49,59,0,59,Day0325_NF_157,no_face_track,09:32:05,09:32:06,1,0,,2026_03_25_attendance_report.json,0,,,0.0,198,37,37,D14_20260324093152.mp4; D14_20260324093338.mp4; D14_20260324093628.mp4; D14_20260324093956.mp4; D14_20260324094151.mp4; ...
TSSDC_Mumbai,2026-03-25 15:53:56.936000 UTC,2026-03-25,2026-03-25,Cam_01,D14_20260324102110.mp4,11:19:49,59,0,59,Day0325_NF_158,no_face_track,09:32:18,09:32:19,1,0,,2026_03_25_attendance_report.json,0,,,0.0,198,37,37,D14_20260324093152.mp4; D14_20260324093338.mp4; D14_20260324093628.mp4; D14_20260324093956.mp4; D14_20260324094151.mp4; ...
TSSDC_Mumbai,2026-03-25 15:53:56.936000 UTC,2026-03-25,2026-03-25,Cam_01,D14_20260324102110.mp4,11:19:49,59,0,59,Day0325_NF_159,no_face_track,09:32:37,09:32:37,0,0,,2026_03_25_attendance_report.json,0,,,0.0,198,37,37,D14_20260324093152.mp4; D14_20260324093338.mp4; D14_20260324093628.mp4; D14_20260324093956.mp4; D14_20260324094151.mp4; ...
TSSDC_Mumbai,2026-03-25 15:53:56.936000 UTC,2026-03-25,2026-03-25,Cam_01,D14_20260324102110.mp4,11:19:49,59,0,59,Day0325_NF_160,no_face_track,09:34:01,09:34:04,3,0,,2026_03_25_attendance_report.json,0,,,0.0,198,36,36,D14_20260324093338.mp4; D14_20260324093628.mp4; D14_20260324093956.mp4; D14_20260324094151.mp4; D14_20260324094321.mp4; ...
TSSDC_Mumbai,2026-03-25 15:53:56.936000 UTC,2026-03-25,2026-03-25,Cam_01,D14_20260324102110.mp4,11:19:49,59,0,59,Day0325_NF_161,no_face_track,09:34:03,09:34:10,7,0,,2026_03_25_attendance_report.json,0,,,0.0,198,36,36,D14_20260324093338.mp4; D14_20260324093628.mp4; D14_20260324093956.mp4; D14_20260324094151.mp4; D14_20260324094321.mp4; ...
TSSDC_Mumbai,2026-03-25 15:53:56.936000 UTC,2026-03-25,2026-03-25,Cam_01,D14_20260324102110.mp4,11:19:49,59,0,59,Day0325_NF_162,no_face_track,09:34:10,09:34:16,6,0,,2026_03_25_attendance_report.json,0,,,0.0,198,36,36,D14_20260324093338.mp4; D14_20260324093628.mp4; D14_20260324093956.mp4; D14_20260324094151.mp4; D14_20260324094321.mp4; ...
TSSDC_Mumbai,2026-03-25 15:53:56.936000 UTC,2026-03-25,2026-03-25,Cam_01,D14_20260324102110.mp4,11:19:49,59,0,59,Day0325_NF_163,no_face_track,09:34:16,09:34:16,0,0,,2026_03_25_attendance_report.json,0,,,0.0,198,36,36,D14_20260324093338.mp4; D14_20260324093628.mp4; D14_20260324093956.mp4; D14_20260324094151.mp4; D14_20260324094321.mp4; ...
TSSDC_Mumbai,2026-03-25 15:53:56.936000 UTC,2026-03-25,2026-03-25,Cam_01,D14_20260324102110.mp4,11:19:49,59,0,59,Day0325_NF_164,no_face_track,09:37:01,09:37:02,1,0,,2026_03_25_attendance_report.json,0,,,0.0,198,35,35,D14_20260324093628.mp4; D14_20260324093956.mp4; D14_20260324094151.mp4; D14_20260324094321.mp4; D14_20260324094631.mp4; ...
TSSDC_Mumbai,2026-03-25 15:53:56.936000 UTC,2026-03-25,2026-03-25,Cam_01,D14_20260324102110.mp4,11:19:49,59,0,59,Day0325_NF_166,no_face_track,09:37:38,09:37:40,2,0,,2026_03_25_attendance_report.json,0,,,0.0,198,35,35,D14_20260324093628.mp4; D14_20260324093956.mp4; D14_20260324094151.mp4; D14_20260324094321.mp4; D14_20260324094631.mp4; ...
TSSDC_Mumbai,2026-03-25 15:53:56.936000 UTC,2026-03-25,2026-03-25,Cam_01,D14_20260324102110.mp4,11:19:49,59,0,59,Day0325_NF_167,no_face_track,09:37:39,09:37:43,4,0,,2026_03_25_attendance_report.json,0,,,0.0,198,35,35,D14_20260324093628.mp4; D14_20260324093956.mp4; D14_20260324094151.mp4; D14_20260324094321.mp4; D14_20260324094631.mp4; ...
TSSDC_Mumbai,2026-03-25 15:53:56.936000 UTC,2026-03-25,2026-03-25,Cam_01,D14_20260324102110.mp4,11:19:49,59,0,59,Day0325_NF_168,no_face_track,09:37:39,09:37:40,1,0,,2026_03_25_attendance_report.json,0,,,0.0,198,35,35,D14_20260324093628.mp4; D14_20260324093956.mp4; D14_20260324094151.mp4; D14_20260324094321.mp4; D14_20260324094631.mp4; ...
TSSDC_Mumbai,2026-03-25 15:53:56.936000 UTC,2026-03-25,2026-03-25,Cam_01,D14_20260324102110.mp4,11:19:49,59,0,59,Day0325_NF_169,no_face_track,09:37:41,09:37:41,0,0,,2026_03_25_attendance_report.json,0,,,0.0,198,35,35,D14_20260324093628.mp4; D14_20260324093956.mp4; D14_20260324094151.mp4; D14_20260324094321.mp4; D14_20260324094631.mp4; ...
TSSDC_Mumbai,2026-03-25 15:53:56.936000 UTC,2026-03-25,2026-03-25,Cam_01,D14_20260324102110.mp4,11:19:49,59,0,59,Day0325_NF_171,no_face_track,09:38:10,09:38:15,5,0,,2026_03_25_attendance_report.json,0,,,0.0,198,35,35,D14_20260324093628.mp4; D14_20260324093956.mp4; D14_20260324094151.mp4; D14_20260324094321.mp4; D14_20260324094631.mp4; ...
TSSDC_Mumbai,2026-03-25 15:53:56.936000 UTC,2026-03-25,2026-03-25,Cam_01,D14_20260324102110.mp4,11:19:49,59,0,59,Day0325_NF_172,no_face_track,09:38:10,09:38:10,0,0,,2026_03_25_attendance_report.json,0,,,0.0,198,35,35,D14_20260324093628.mp4; D14_20260324093956.mp4; D14_20260324094151.mp4; D14_20260324094321.mp4; D14_20260324094631.mp4; ...
TSSDC_Mumbai,2026-03-25 15:53:56.936000 UTC,2026-03-25,2026-03-25,Cam_01,D14_20260324102110.mp4,11:19:49,59,0,59,Day0325_NF_173,no_face_track,09:38:15,09:38:16,1,0,,2026_03_25_attendance_report.json,0,,,0.0,198,35,35,D14_20260324093628.mp4; D14_20260324093956.mp4; D14_20260324094151.mp4; D14_20260324094321.mp4; D14_20260324094631.mp4; ...
TSSDC_Mumbai,2026-03-25 15:53:56.936000 UTC,2026-03-25,2026-03-25,Cam_01,D14_20260324102110.mp4,11:19:49,59,0,59,Day0325_NF_174,no_face_track,09:38:52,09:38:57,5,0,,2026_03_25_attendance_report.json,0,,,0.0,198,35,35,D14_20260324093628.mp4; D14_20260324093956.mp4; D14_20260324094151.mp4; D14_20260324094321.mp4; D14_20260324094631.mp4; ...
TSSDC_Mumbai,2026-03-25 15:53:56.936000 UTC,2026-03-25,2026-03-25,Cam_01,D14_20260324102110.mp4,11:19:49,59,0,59,Day0325_NF_175,no_face_track,09:40:02,09:40:05,3,0,,2026_03_25_attendance_report.json,0,,,0.0,198,34,34,D14_20260324093956.mp4; D14_20260324094151.mp4; D14_20260324094321.mp4; D14_20260324094631.mp4; D14_20260324094813.mp4; ...
TSSDC_Mumbai,2026-03-25 15:53:56.936000 UTC,2026-03-25,2026-03-25,Cam_01,D14_20260324102110.mp4,11:19:49,59,0,59,Day0325_NF_176,no_face_track,09:43:33,09:43:35,2,0,,2026_03_25_attendance_report.json,0,,,0.0,198,32,32,D14_20260324094321.mp4; D14_20260324094631.mp4; D14_20260324094813.mp4; D14_20260324095207.mp4; D14_20260324095256.mp4; ...
TSSDC_Mumbai,2026-03-25 15:53:56.936000 UTC,2026-03-25,2026-03-25,Cam_01,D14_20260324102110.mp4,11:19:49,59,0,59,Day0325_NF_177,no_face_track,09:43:35,09:43:40,5,0,,2026_03_25_attendance_report.json,0,,,0.0,198,32,32,D14_20260324094321.mp4; D14_20260324094631.mp4; D14_20260324094813.mp4; D14_20260324095207.mp4; D14_20260324095256.mp4; ...
TSSDC_Mumbai,2026-03-25 15:53:56.936000 UTC,2026-03-25,2026-03-25,Cam_01,D14_20260324102110.mp4,11:19:49,59,0,59,Day0325_NF_178,no_face_track,09:43:39,09:43:40,1,0,,2026_03_25_attendance_report.json,0,,,0.0,198,32,32,D14_20260324094321.mp4; D14_20260324094631.mp4; D14_20260324094813.mp4; D14_20260324095207.mp4; D14_20260324095256.mp4; ...
TSSDC_Mumbai,2026-03-25 15:53:56.936000 UTC,2026-03-25,2026-03-25,Cam_01,D14_20260324102110.mp4,11:19:49,59,0,59,Day0325_NF_180,no_face_track,09:43:45,09:43:45,0,0,,2026_03_25_attendance_report.json,0,,,0.0,198,32,32,D14_20260324094321.mp4; D14_20260324094631.mp4; D14_20260324094813.mp4; D14_20260324095207.mp4; D14_20260324095256.mp4; ...
TSSDC_Mumbai,2026-03-25 15:53:56.936000 UTC,2026-03-25,2026-03-25,Cam_01,D14_20260324102110.mp4,11:19:49,59,0,59,Day0325_NF_181,no_face_track,09:43:57,09:43:59,2,0,,2026_03_25_attendance_report.json,0,,,0.0,198,32,32,D14_20260324094321.mp4; D14_20260324094631.mp4; D14_20260324094813.mp4; D14_20260324095207.mp4; D14_20260324095256.mp4; ...
TSSDC_Mumbai,2026-03-25 15:53:56.936000 UTC,2026-03-25,2026-03-25,Cam_01,D14_20260324102110.mp4,11:19:49,59,0,59,Day0325_NF_182,no_face_track,09:43:58,09:43:59,1,0,,2026_03_25_attendance_report.json,0,,,0.0,198,32,32,D14_20260324094321.mp4; D14_20260324094631.mp4; D14_20260324094813.mp4; D14_20260324095207.mp4; D14_20260324095256.mp4; ...
TSSDC_Mumbai,2026-03-25 15:53:56.936000 UTC,2026-03-25,2026-03-25,Cam_01,D14_20260324102110.mp4,11:19:49,59,0,59,Day0325_NF_183,no_face_track,09:44:30,09:44:38,8,0,,2026_03_25_attendance_report.json,0,,,0.0,198,32,32,D14_20260324094321.mp4; D14_20260324094631.mp4; D14_20260324094813.mp4; D14_20260324095207.mp4; D14_20260324095256.mp4; ...
TSSDC_Mumbai,2026-03-25 15:53:56.936000 UTC,2026-03-25,2026-03-25,Cam_01,D14_20260324102110.mp4,11:19:49,59,0,59,Day0325_NF_184,no_face_track,09:44:30,09:44:30,0,0,,2026_03_25_attendance_report.json,0,,,0.0,198,32,32,D14_20260324094321.mp4; D14_20260324094631.mp4; D14_20260324094813.mp4; D14_20260324095207.mp4; D14_20260324095256.mp4; ...
TSSDC_Mumbai,2026-03-25 15:53:56.936000 UTC,2026-03-25,2026-03-25,Cam_01,D14_20260324102110.mp4,11:19:49,59,0,59,Day0325_NF_185,no_face_track,09:44:34,09:44:35,1,0,,2026_03_25_attendance_report.json,0,,,0.0,198,32,32,D14_20260324094321.mp4; D14_20260324094631.mp4; D14_20260324094813.mp4; D14_20260324095207.mp4; D14_20260324095256.mp4; ...
TSSDC_Mumbai,2026-03-25 15:53:56.936000 UTC,2026-03-25,2026-03-25,Cam_01,D14_20260324102110.mp4,11:19:49,59,0,59,Day0325_NF_186,no_face_track,09:44:36,09:44:36,0,0,,2026_03_25_attendance_report.json,0,,,0.0,198,32,32,D14_20260324094321.mp4; D14_20260324094631.mp4; D14_20260324094813.mp4; D14_20260324095207.mp4; D14_20260324095256.mp4; ...
TSSDC_Mumbai,2026-03-25 15:53:56.936000 UTC,2026-03-25,2026-03-25,Cam_01,D14_20260324102110.mp4,11:19:49,59,0,59,Day0325_NF_188,no_face_track,09:44:46,09:44:47,1,0,,2026_03_25_attendance_report.json,0,,,0.0,198,32,32,D14_20260324094321.mp4; D14_20260324094631.mp4; D14_20260324094813.mp4; D14_20260324095207.mp4; D14_20260324095256.mp4; ...
TSSDC_Mumbai,2026-03-25 15:53:56.936000 UTC,2026-03-25,2026-03-25,Cam_01,D14_20260324102110.mp4,11:19:49,59,0,59,Day0325_NF_189,no_face_track,09:46:45,09:46:46,1,0,,2026_03_25_attendance_report.json,0,,,0.0,198,31,31,D14_20260324094631.mp4; D14_20260324094813.mp4; D14_20260324095207.mp4; D14_20260324095256.mp4; D14_20260324095503.mp4; ...
TSSDC_Mumbai,2026-03-25 15:53:56.936000 UTC,2026-03-25,2026-03-25,Cam_01,D14_20260324102110.mp4,11:19:49,59,0,59,Day0325_NF_190,no_face_track,09:47:24,09:47:26,2,0,,2026_03_25_attendance_report.json,0,,,0.0,198,31,31,D14_20260324094631.mp4; D14_20260324094813.mp4; D14_20260324095207.mp4; D14_20260324095256.mp4; D14_20260324095503.mp4; ...
TSSDC_Mumbai,2026-03-25 15:53:56.936000 UTC,2026-03-25,2026-03-25,Cam_01,D14_20260324102110.mp4,11:19:49,59,0,59,Day0325_NF_191,no_face_track,09:48:48,09:48:49,1,0,,2026_03_25_attendance_report.json,0,,,0.0,198,30,30,D14_20260324094813.mp4; D14_20260324095207.mp4; D14_20260324095256.mp4; D14_20260324095503.mp4; D14_20260324095640.mp4; ...
TSSDC_Mumbai,2026-03-25 15:53:56.936000 UTC,2026-03-25,2026-03-25,Cam_01,D14_20260324102110.mp4,11:19:49,59,0,59,Day0325_NF_192,no_face_track,09:49:23,09:49:40,17,0,,2026_03_25_attendance_report.json,0,,,0.0,198,30,30,D14_20260324094813.mp4; D14_20260324095207.mp4; D14_20260324095256.mp4; D14_20260324095503.mp4; D14_20260324095640.mp4; ...
TSSDC_Mumbai,2026-03-25 15:53:56.936000 UTC,2026-03-25,2026-03-25,Cam_01,D14_20260324102110.mp4,11:19:49,59,0,59,Day0325_NF_193,no_face_track,09:49:28,09:49:40,12,0,,2026_03_25_attendance_report.json,0,,,0.0,198,30,30,D14_20260324094813.mp4; D14_20260324095207.mp4; D14_20260324095256.mp4; D14_20260324095503.mp4; D14_20260324095640.mp4; ...
TSSDC_Mumbai,2026-03-25 15:53:56.936000 UTC,2026-03-25,2026-03-25,Cam_01,D14_20260324102110.mp4,11:19:49,59,0,59,Day0325_NF_194,no_face_track,09:49:40,09:49:40,0,0,,2026_03_25_attendance_report.json,0,,,0.0,198,30,30,D14_20260324094813.mp4; D14_20260324095207.mp4; D14_20260324095256.mp4; D14_20260324095503.mp4; D14_20260324095640.mp4; ...
TSSDC_Mumbai,2026-03-25 15:53:56.936000 UTC,2026-03-25,2026-03-25,Cam_01,D14_20260324102110.mp4,11:19:49,59,0,59,Day0325_NF_195,no_face_track,09:49:40,09:49:40,0,0,,2026_03_25_attendance_report.json,0,,,0.0,198,30,30,D14_20260324094813.mp4; D14_20260324095207.mp4; D14_20260324095256.mp4; D14_20260324095503.mp4; D14_20260324095640.mp4; ...
TSSDC_Mumbai,2026-03-25 15:53:56.936000 UTC,2026-03-25,2026-03-25,Cam_01,D14_20260324102110.mp4,11:19:49,59,0,59,Day0325_NF_198,no_face_track,09:49:42,09:49:42,0,0,,2026_03_25_attendance_report.json,0,,,0.0,198,30,30,D14_20260324094813.mp4; D14_20260324095207.mp4; D14_20260324095256.mp4; D14_20260324095503.mp4; D14_20260324095640.mp4; ...
TSSDC_Mumbai,2026-03-25 15:53:56.936000 UTC,2026-03-25,2026-03-25,Cam_01,D14_20260324102110.mp4,11:19:49,59,0,59,Day0325_NF_199,no_face_track,09:53:15,09:53:23,8,0,,2026_03_25_attendance_report.json,0,,,0.0,198,28,28,D14_20260324095256.mp4; D14_20260324095503.mp4; D14_20260324095640.mp4; D14_20260324095743.mp4; D14_20260324095936.mp4; ...
TSSDC_Mumbai,2026-03-25 15:53:56.936000 UTC,2026-03-25,2026-03-25,Cam_01,D14_20260324102110.mp4,11:19:49,59,0,59,Day0325_NF_200,no_face_track,09:53:22,09:53:23,1,0,,2026_03_25_attendance_report.json,0,,,0.0,198,28,28,D14_20260324095256.mp4; D14_20260324095503.mp4; D14_20260324095640.mp4; D14_20260324095743.mp4; D14_20260324095936.mp4; ...
TSSDC_Mumbai,2026-03-25 15:53:56.936000 UTC,2026-03-25,2026-03-25,Cam_01,D14_20260324102110.mp4,11:19:49,59,0,59,Day0325_NF_201,no_face_track,09:53:29,09:53:30,1,0,,2026_03_25_attendance_report.json,0,,,0.0,198,28,28,D14_20260324095256.mp4; D14_20260324095503.mp4; D14_20260324095640.mp4; D14_20260324095743.mp4; D14_20260324095936.mp4; ...
TSSDC_Mumbai,2026-03-25 15:53:56.936000 UTC,2026-03-25,2026-03-25,Cam_01,D14_20260324102110.mp4,11:19:49,59,0,59,Day0325_NF_202,no_face_track,09:53:30,09:53:32,2,0,,2026_03_25_attendance_report.json,0,,,0.0,198,28,28,D14_20260324095256.mp4; D14_20260324095503.mp4; D14_20260324095640.mp4; D14_20260324095743.mp4; D14_20260324095936.mp4; ...
TSSDC_Mumbai,2026-03-25 15:53:56.936000 UTC,2026-03-25,2026-03-25,Cam_01,D14_20260324102110.mp4,11:19:49,59,0,59,Day0325_NF_203,no_face_track,09:53:52,09:53:57,5,0,,2026_03_25_attendance_report.json,0,,,0.0,198,28,28,D14_20260324095256.mp4; D14_20260324095503.mp4; D14_20260324095640.mp4; D14_20260324095743.mp4; D14_20260324095936.mp4; ...
TSSDC_Mumbai,2026-03-25 15:53:56.936000 UTC,2026-03-25,2026-03-25,Cam_01,D14_20260324102110.mp4,11:19:49,59,0,59,Day0325_NF_204,no_face_track,09:54:10,09:54:15,5,0,,2026_03_25_attendance_report.json,0,,,0.0,198,28,28,D14_20260324095256.mp4; D14_20260324095503.mp4; D14_20260324095640.mp4; D14_20260324095743.mp4; D14_20260324095936.mp4; ...
TSSDC_Mumbai,2026-03-25 15:53:56.936000 UTC,2026-03-25,2026-03-25,Cam_01,D14_20260324102110.mp4,11:19:49,59,0,59,Day0325_NF_205,no_face_track,09:54:16,09:54:16,0,0,,2026_03_25_attendance_report.json,0,,,0.0,198,28,28,D14_20260324095256.mp4; D14_20260324095503.mp4; D14_20260324095640.mp4; D14_20260324095743.mp4; D14_20260324095936.mp4; ...
TSSDC_Mumbai,2026-03-25 15:53:56.936000 UTC,2026-03-25,2026-03-25,Cam_01,D14_20260324102110.mp4,11:19:49,59,0,59,Day0325_NF_206,no_face_track,09:54:16,09:54:18,2,0,,2026_03_25_attendance_report.json,0,,,0.0,198,28,28,D14_20260324095256.mp4; D14_20260324095503.mp4; D14_20260324095640.mp4; D14_20260324095743.mp4; D14_20260324095936.mp4; ...
TSSDC_Mumbai,2026-03-25 15:53:56.936000 UTC,2026-03-25,2026-03-25,Cam_01,D14_20260324102110.mp4,11:19:49,59,0,59,Day0325_NF_207,no_face_track,09:55:10,09:55:10,0,0,,2026_03_25_attendance_report.json,0,,,0.0,198,27,27,D14_20260324095503.mp4; D14_20260324095640.mp4; D14_20260324095743.mp4; D14_20260324095936.mp4; D14_20260324100628.mp4; ...
TSSDC_Mumbai,2026-03-25 15:53:56.936000 UTC,2026-03-25,2026-03-25,Cam_01,D14_20260324102110.mp4,11:19:49,59,0,59,Day0325_NF_209,no_face_track,09:55:11,09:55:11,0,0,,2026_03_25_attendance_report.json,0,,,0.0,198,27,27,D14_20260324095503.mp4; D14_20260324095640.mp4; D14_20260324095743.mp4; D14_20260324095936.mp4; D14_20260324100628.mp4; ...
TSSDC_Mumbai,2026-03-25 15:53:56.936000 UTC,2026-03-25,2026-03-25,Cam_01,D14_20260324102110.mp4,11:19:49,59,0,59,Day0325_NF_210,no_face_track,09:55:18,09:55:21,3,0,,2026_03_25_attendance_report.json,0,,,0.0,198,27,27,D14_20260324095503.mp4; D14_20260324095640.mp4; D14_20260324095743.mp4; D14_20260324095936.mp4; D14_20260324100628.mp4; ...
TSSDC_Mumbai,2026-03-25 15:53:56.936000 UTC,2026-03-25,2026-03-25,Cam_01,D14_20260324102110.mp4,11:19:49,59,0,59,Day0325_NF_213,no_face_track,09:55:24,09:55:24,0,0,,2026_03_25_attendance_report.json,0,,,0.0,198,27,27,D14_20260324095503.mp4; D14_20260324095640.mp4; D14_20260324095743.mp4; D14_20260324095936.mp4; D14_20260324100628.mp4; ...
TSSDC_Mumbai,2026-03-25 15:53:56.936000 UTC,2026-03-25,2026-03-25,Cam_01,D14_20260324102110.mp4,11:19:49,59,0,59,Day0325_NF_214,no_face_track,09:57:49,09:57:52,3,0,,2026_03_25_attendance_report.json,0,,,0.0,198,25,25,D14_20260324095743.mp4; D14_20260324095936.mp4; D14_20260324100628.mp4; D14_20260324100810.mp4; D14_20260324101143.mp4; ...
TSSDC_Mumbai,2026-03-25 15:53:56.936000 UTC,2026-03-25,2026-03-25,Cam_01,D14_20260324102110.mp4,11:19:49,59,0,59,Day0325_NF_215,no_face_track,09:57:51,09:57:52,1,0,,2026_03_25_attendance_report.json,0,,,0.0,198,25,25,D14_20260324095743.mp4; D14_20260324095936.mp4; D14_20260324100628.mp4; D14_20260324100810.mp4; D14_20260324101143.mp4; ...
TSSDC_Mumbai,2026-03-25 15:53:56.936000 UTC,2026-03-25,2026-03-25,Cam_01,D14_20260324102110.mp4,11:19:49,59,0,59,Day0325_NF_216,no_face_track,10:00:14,10:00:24,10,0,,2026_03_25_attendance_report.json,0,,,0.0,198,24,24,D14_20260324095936.mp4; D14_20260324100628.mp4; D14_20260324100810.mp4; D14_20260324101143.mp4; D14_20260324101442.mp4; ...
TSSDC_Mumbai,2026-03-25 15:53:56.936000 UTC,2026-03-25,2026-03-25,Cam_01,D14_20260324102110.mp4,11:19:49,59,0,59,Day0325_NF_219,no_face_track,10:00:39,10:00:45,6,0,,2026_03_25_attendance_report.json,0,,,0.0,198,24,24,D14_20260324095936.mp4; D14_20260324100628.mp4; D14_20260324100810.mp4; D14_20260324101143.mp4; D14_20260324101442.mp4; ...
TSSDC_Mumbai,2026-03-25 15:53:56.936000 UTC,2026-03-25,2026-03-25,Cam_01,D14_20260324102110.mp4,11:19:49,59,0,59,Day0325_NF_220,no_face_track,10:00:45,10:00:45,0,0,,2026_03_25_attendance_report.json,0,,,0.0,198,24,24,D14_20260324095936.mp4; D14_20260324100628.mp4; D14_20260324100810.mp4; D14_20260324101143.mp4; D14_20260324101442.mp4; ...
TSSDC_Mumbai,2026-03-25 15:53:56.936000 UTC,2026-03-25,2026-03-25,Cam_01,D14_20260324102110.mp4,11:19:49,59,0,59,Day0325_NF_221,no_face_track,10:07:04,10:07:08,4,0,,2026_03_25_attendance_report.json,0,,,0.0,198,23,23,D14_20260324100628.mp4; D14_20260324100810.mp4; D14_20260324101143.mp4; D14_20260324101442.mp4; D14_20260324101728.mp4; ...
TSSDC_Mumbai,2026-03-25 15:53:56.936000 UTC,2026-03-25,2026-03-25,Cam_01,D14_20260324102110.mp4,11:19:49,59,0,59,Day0325_NF_222,no_face_track,10:08:22,10:08:25,3,0,,2026_03_25_attendance_report.json,0,,,0.0,198,22,22,D14_20260324100810.mp4; D14_20260324101143.mp4; D14_20260324101442.mp4; D14_20260324101728.mp4; D14_20260324101859.mp4; ...
TSSDC_Mumbai,2026-03-25 15:53:56.936000 UTC,2026-03-25,2026-03-25,Cam_01,D14_20260324102110.mp4,11:19:49,59,0,59,Day0325_NF_223,no_face_track,10:08:29,10:08:29,0,0,,2026_03_25_attendance_report.json,0,,,0.0,198,22,22,D14_20260324100810.mp4; D14_20260324101143.mp4; D14_20260324101442.mp4; D14_20260324101728.mp4; D14_20260324101859.mp4; ...
TSSDC_Mumbai,2026-03-25 15:53:56.936000 UTC,2026-03-25,2026-03-25,Cam_01,D14_20260324102110.mp4,11:19:49,59,0,59,Day0325_NF_224,no_face_track,10:08:52,10:08:55,3,0,,2026_03_25_attendance_report.json,0,,,0.0,198,22,22,D14_20260324100810.mp4; D14_20260324101143.mp4; D14_20260324101442.mp4; D14_20260324101728.mp4; D14_20260324101859.mp4; ...
TSSDC_Mumbai,2026-03-25 15:53:56.936000 UTC,2026-03-25,2026-03-25,Cam_01,D14_20260324102110.mp4,11:19:49,59,0,59,Day0325_NF_226,no_face_track,10:09:34,10:09:35,1,0,,2026_03_25_attendance_report.json,0,,,0.0,198,22,22,D14_20260324100810.mp4; D14_20260324101143.mp4; D14_20260324101442.mp4; D14_20260324101728.mp4; D14_20260324101859.mp4; ...
TSSDC_Mumbai,2026-03-25 15:53:56.936000 UTC,2026-03-25,2026-03-25,Cam_01,D14_20260324102110.mp4,11:19:49,59,0,59,Day0325_NF_228,no_face_track,10:09:35,10:09:38,3,0,,2026_03_25_attendance_report.json,0,,,0.0,198,22,22,D14_20260324100810.mp4; D14_20260324101143.mp4; D14_20260324101442.mp4; D14_20260324101728.mp4; D14_20260324101859.mp4; ...
TSSDC_Mumbai,2026-03-25 15:53:56.936000 UTC,2026-03-25,2026-03-25,Cam_01,D14_20260324102110.mp4,11:19:49,59,0,59,Day0325_NF_229,no_face_track,10:09:37,10:09:37,0,0,,2026_03_25_attendance_report.json,0,,,0.0,198,22,22,D14_20260324100810.mp4; D14_20260324101143.mp4; D14_20260324101442.mp4; D14_20260324101728.mp4; D14_20260324101859.mp4; ...
TSSDC_Mumbai,2026-03-25 15:53:56.936000 UTC,2026-03-25,2026-03-25,Cam_01,D14_20260324102110.mp4,11:19:49,59,0,59,Day0325_NF_230,no_face_track,10:09:37,10:09:38,1,0,,2026_03_25_attendance_report.json,0,,,0.0,198,22,22,D14_20260324100810.mp4; D14_20260324101143.mp4; D14_20260324101442.mp4; D14_20260324101728.mp4; D14_20260324101859.mp4; ...
TSSDC_Mumbai,2026-03-25 15:53:56.936000 UTC,2026-03-25,2026-03-25,Cam_01,D14_20260324102110.mp4,11:19:49,59,0,59,Day0325_NF_231,no_face_track,10:09:39,10:09:40,1,0,,2026_03_25_attendance_report.json,0,,,0.0,198,22,22,D14_20260324100810.mp4; D14_20260324101143.mp4; D14_20260324101442.mp4; D14_20260324101728.mp4; D14_20260324101859.mp4; ...
TSSDC_Mumbai,2026-03-25 15:53:56.936000 UTC,2026-03-25,2026-03-25,Cam_01,D14_20260324102110.mp4,11:19:49,59,0,59,Day0325_NF_233,no_face_track,10:10:22,10:10:27,5,0,,2026_03_25_attendance_report.json,0,,,0.0,198,22,22,D14_20260324100810.mp4; D14_20260324101143.mp4; D14_20260324101442.mp4; D14_20260324101728.mp4; D14_20260324101859.mp4; ...
TSSDC_Mumbai,2026-03-25 15:53:56.936000 UTC,2026-03-25,2026-03-25,Cam_01,D14_20260324102110.mp4,11:19:49,59,0,59,Day0325_NF_234,no_face_track,10:10:27,10:10:29,2,0,,2026_03_25_attendance_report.json,0,,,0.0,198,22,22,D14_20260324100810.mp4; D14_20260324101143.mp4; D14_20260324101442.mp4; D14_20260324101728.mp4; D14_20260324101859.mp4; ...
TSSDC_Mumbai,2026-03-25 15:53:56.936000 UTC,2026-03-25,2026-03-25,Cam_01,D14_20260324102110.mp4,11:19:49,59,0,59,Day0325_NF_235,no_face_track,10:11:52,10:11:58,6,0,,2026_03_25_attendance_report.json,0,,,0.0,198,21,21,D14_20260324101143.mp4; D14_20260324101442.mp4; D14_20260324101728.mp4; D14_20260324101859.mp4; D14_20260324102110.mp4; ...
TSSDC_Mumbai,2026-03-25 15:53:56.936000 UTC,2026-03-25,2026-03-25,Cam_01,D14_20260324102110.mp4,11:19:49,59,0,59,Day0325_NF_236,no_face_track,10:11:57,10:12:00,3,0,,2026_03_25_attendance_report.json,0,,,0.0,198,21,21,D14_20260324101143.mp4; D14_20260324101442.mp4; D14_20260324101728.mp4; D14_20260324101859.mp4; D14_20260324102110.mp4; ...
TSSDC_Mumbai,2026-03-25 15:53:56.936000 UTC,2026-03-25,2026-03-25,Cam_01,D14_20260324102110.mp4,11:19:49,59,0,59,Day0325_NF_237,no_face_track,10:11:59,10:12:00,1,0,,2026_03_25_attendance_report.json,0,,,0.0,198,21,21,D14_20260324101143.mp4; D14_20260324101442.mp4; D14_20260324101728.mp4; D14_20260324101859.mp4; D14_20260324102110.mp4; ...
TSSDC_Mumbai,2026-03-25 15:53:56.936000 UTC,2026-03-25,2026-03-25,Cam_01,D14_20260324102110.mp4,11:19:49,59,0,59,Day0325_NF_238,no_face_track,10:12:04,10:12:04,0,0,,2026_03_25_attendance_report.json,0,,,0.0,198,21,21,D14_20260324101143.mp4; D14_20260324101442.mp4; D14_20260324101728.mp4; D14_20260324101859.mp4; D14_20260324102110.mp4; ...
TSSDC_Mumbai,2026-03-25 15:53:56.936000 UTC,2026-03-25,2026-03-25,Cam_01,D14_20260324102110.mp4,11:19:49,59,0,59,Day0325_NF_240,no_face_track,10:15:51,10:15:54,3,0,,2026_03_25_attendance_report.json,0,,,0.0,198,20,20,D14_20260324101442.mp4; D14_20260324101728.mp4; D14_20260324101859.mp4; D14_20260324102110.mp4; D14_20260324102245.mp4; ...
TSSDC_Mumbai,2026-03-25 15:53:56.936000 UTC,2026-03-25,2026-03-25,Cam_01,D14_20260324102110.mp4,11:19:49,59,0,59,Day0325_NF_242,no_face_track,10:16:02,10:16:09,7,0,,2026_03_25_attendance_report.json,0,,,0.0,198,20,20,D14_20260324101442.mp4; D14_20260324101728.mp4; D14_20260324101859.mp4; D14_20260324102110.mp4; D14_20260324102245.mp4; ...
TSSDC_Mumbai,2026-03-25 15:53:56.936000 UTC,2026-03-25,2026-03-25,Cam_01,D14_20260324102110.mp4,11:19:49,59,0,59,Day0325_NF_243,no_face_track,10:16:08,10:16:08,0,0,,2026_03_25_attendance_report.json,0,,,0.0,198,20,20,D14_20260324101442.mp4; D14_20260324101728.mp4; D14_20260324101859.mp4; D14_20260324102110.mp4; D14_20260324102245.mp4; ...
TSSDC_Mumbai,2026-03-25 15:53:56.936000 UTC,2026-03-25,2026-03-25,Cam_01,D14_20260324102110.mp4,11:19:49,59,0,59,Day0325_NF_244,no_face_track,10:16:08,10:16:09,1,0,,2026_03_25_attendance_report.json,0,,,0.0,198,20,20,D14_20260324101442.mp4; D14_20260324101728.mp4; D14_20260324101859.mp4; D14_20260324102110.mp4; D14_20260324102245.mp4; ...
TSSDC_Mumbai,2026-03-25 15:53:56.936000 UTC,2026-03-25,2026-03-25,Cam_01,D14_20260324102110.mp4,11:19:49,59,0,59,Day0325_NF_245,no_face_track,10:17:39,10:17:43,4,0,,2026_03_25_attendance_report.json,0,,,0.0,198,19,19,D14_20260324101728.mp4; D14_20260324101859.mp4; D14_20260324102110.mp4; D14_20260324102245.mp4; D14_20260324102426.mp4; ...
TSSDC_Mumbai,2026-03-25 15:53:56.936000 UTC,2026-03-25,2026-03-25,Cam_01,D14_20260324102110.mp4,11:19:49,59,0,59,Day0325_NF_246,no_face_track,10:17:45,10:17:46,1,0,,2026_03_25_attendance_report.json,0,,,0.0,198,19,19,D14_20260324101728.mp4; D14_20260324101859.mp4; D14_20260324102110.mp4; D14_20260324102245.mp4; D14_20260324102426.mp4; ...
TSSDC_Mumbai,2026-03-25 15:53:56.936000 UTC,2026-03-25,2026-03-25,Cam_01,D14_20260324102110.mp4,11:19:49,59,0,59,Day0325_NF_247,no_face_track,10:19:36,10:19:41,5,0,,2026_03_25_attendance_report.json,0,,,0.0,198,18,18,D14_20260324101859.mp4; D14_20260324102110.mp4; D14_20260324102245.mp4; D14_20260324102426.mp4; D14_20260324102545.mp4; ...
TSSDC_Mumbai,2026-03-25 15:53:56.936000 UTC,2026-03-25,2026-03-25,Cam_01,D14_20260324102110.mp4,11:19:49,59,0,59,Day0325_NF_248,no_face_track,10:19:40,10:19:42,2,0,,2026_03_25_attendance_report.json,0,,,0.0,198,18,18,D14_20260324101859.mp4; D14_20260324102110.mp4; D14_20260324102245.mp4; D14_20260324102426.mp4; D14_20260324102545.mp4; ...
TSSDC_Mumbai,2026-03-25 15:53:56.936000 UTC,2026-03-25,2026-03-25,Cam_01,D14_20260324102110.mp4,11:19:49,59,0,59,Day0325_NF_249,no_face_track,10:19:51,10:19:53,2,0,,2026_03_25_attendance_report.json,0,,,0.0,198,18,18,D14_20260324101859.mp4; D14_20260324102110.mp4; D14_20260324102245.mp4; D14_20260324102426.mp4; D14_20260324102545.mp4; ...
TSSDC_Mumbai,2026-03-25 15:53:56.936000 UTC,2026-03-25,2026-03-25,Cam_01,D14_20260324102110.mp4,11:19:49,59,0,59,Day0325_NF_251,no_face_track,10:20:14,10:20:17,3,0,,2026_03_25_attendance_report.json,0,,,0.0,198,18,18,D14_20260324101859.mp4; D14_20260324102110.mp4; D14_20260324102245.mp4; D14_20260324102426.mp4; D14_20260324102545.mp4; ...
TSSDC_Mumbai,2026-03-25 15:53:56.936000 UTC,2026-03-25,2026-03-25,Cam_01,D14_20260324102110.mp4,11:19:49,59,0,59,Day0325_NF_252,no_face_track,10:20:17,10:20:20,3,0,,2026_03_25_attendance_report.json,0,,,0.0,198,18,18,D14_20260324101859.mp4; D14_20260324102110.mp4; D14_20260324102245.mp4; D14_20260324102426.mp4; D14_20260324102545.mp4; ...
TSSDC_Mumbai,2026-03-25 16:17:03.122000 UTC,2026-03-25,2026-03-25,Cam_01,D14_20260324102545.mp4,11:19:49,60,0,60,Day0325_NF_253,no_face_track,10:25:57,10:26:09,12,0,,2026_03_25_attendance_report.json,0,,,0.0,213,14,14,D14_20260324102545.mp4; D14_20260324103435.mp4; D14_20260324103738.mp4; D14_20260324104544.mp4; D14_20260324105143.mp4; ...
TSSDC_Mumbai,2026-03-25 16:17:03.122000 UTC,2026-03-25,2026-03-25,Cam_01,D14_20260324102545.mp4,11:19:49,60,0,60,Day0325_NF_254,no_face_track,10:25:58,10:25:59,1,0,,2026_03_25_attendance_report.json,0,,,0.0,213,14,14,D14_20260324102545.mp4; D14_20260324103435.mp4; D14_20260324103738.mp4; D14_20260324104544.mp4; D14_20260324105143.mp4; ...
TSSDC_Mumbai,2026-03-25 16:17:03.122000 UTC,2026-03-25,2026-03-25,Cam_01,D14_20260324102545.mp4,11:19:49,60,0,60,Day0325_NF_256,no_face_track,10:26:05,10:26:11,6,0,,2026_03_25_attendance_report.json,0,,,0.0,213,14,14,D14_20260324102545.mp4; D14_20260324103435.mp4; D14_20260324103738.mp4; D14_20260324104544.mp4; D14_20260324105143.mp4; ...
TSSDC_Mumbai,2026-03-25 16:17:03.122000 UTC,2026-03-25,2026-03-25,Cam_01,D14_20260324102545.mp4,11:19:49,60,0,60,Day0325_NF_257,no_face_track,10:26:12,10:26:15,3,0,,2026_03_25_attendance_report.json,0,,,0.0,213,14,14,D14_20260324102545.mp4; D14_20260324103435.mp4; D14_20260324103738.mp4; D14_20260324104544.mp4; D14_20260324105143.mp4; ...
TSSDC_Mumbai,2026-03-25 16:17:03.122000 UTC,2026-03-25,2026-03-25,Cam_01,D14_20260324102545.mp4,11:19:49,60,0,60,Day0325_NF_258,no_face_track,10:26:15,10:26:21,6,0,,2026_03_25_attendance_report.json,0,,,0.0,213,14,14,D14_20260324102545.mp4; D14_20260324103435.mp4; D14_20260324103738.mp4; D14_20260324104544.mp4; D14_20260324105143.mp4; ...
TSSDC_Mumbai,2026-03-25 16:17:03.122000 UTC,2026-03-25,2026-03-25,Cam_01,D14_20260324102545.mp4,11:19:49,60,0,60,Day0325_NF_259,no_face_track,10:26:15,10:26:15,0,0,,2026_03_25_attendance_report.json,0,,,0.0,213,14,14,D14_20260324102545.mp4; D14_20260324103435.mp4; D14_20260324103738.mp4; D14_20260324104544.mp4; D14_20260324105143.mp4; ...
TSSDC_Mumbai,2026-03-25 16:17:03.122000 UTC,2026-03-25,2026-03-25,Cam_01,D14_20260324102545.mp4,11:19:49,60,0,60,Day0325_NF_260,no_face_track,10:26:41,10:26:45,4,0,,2026_03_25_attendance_report.json,0,,,0.0,213,14,14,D14_20260324102545.mp4; D14_20260324103435.mp4; D14_20260324103738.mp4; D14_20260324104544.mp4; D14_20260324105143.mp4; ...
TSSDC_Mumbai,2026-03-25 16:17:03.122000 UTC,2026-03-25,2026-03-25,Cam_01,D14_20260324102545.mp4,11:19:49,60,0,60,Day0325_NF_261,no_face_track,10:26:41,10:26:46,5,0,,2026_03_25_attendance_report.json,0,,,0.0,213,14,14,D14_20260324102545.mp4; D14_20260324103435.mp4; D14_20260324103738.mp4; D14_20260324104544.mp4; D14_20260324105143.mp4; ...
TSSDC_Mumbai,2026-03-25 16:17:03.122000 UTC,2026-03-25,2026-03-25,Cam_01,D14_20260324102545.mp4,11:19:49,60,0,60,Day0325_NF_262,no_face_track,10:26:57,10:26:57,0,0,,2026_03_25_attendance_report.json,0,,,0.0,213,14,14,D14_20260324102545.mp4; D14_20260324103435.mp4; D14_20260324103738.mp4; D14_20260324104544.mp4; D14_20260324105143.mp4; ...
TSSDC_Mumbai,2026-03-25 16:17:03.122000 UTC,2026-03-25,2026-03-25,Cam_01,D14_20260324102545.mp4,11:19:49,60,0,60,Day0325_NF_263,no_face_track,10:26:57,10:27:00,3,0,,2026_03_25_attendance_report.json,0,,,0.0,213,14,14,D14_20260324102545.mp4; D14_20260324103435.mp4; D14_20260324103738.mp4; D14_20260324104544.mp4; D14_20260324105143.mp4; ...
TSSDC_Mumbai,2026-03-25 16:17:03.122000 UTC,2026-03-25,2026-03-25,Cam_01,D14_20260324102545.mp4,11:19:49,60,0,60,Day0325_NF_264,no_face_track,10:26:58,10:27:00,2,0,,2026_03_25_attendance_report.json,0,,,0.0,213,14,14,D14_20260324102545.mp4; D14_20260324103435.mp4; D14_20260324103738.mp4; D14_20260324104544.mp4; D14_20260324105143.mp4; ...
TSSDC_Mumbai,2026-03-25 16:17:03.122000 UTC,2026-03-25,2026-03-25,Cam_01,D14_20260324102545.mp4,11:19:49,60,0,60,Day0325_NF_266,no_face_track,10:27:00,10:27:00,0,0,,2026_03_25_attendance_report.json,0,,,0.0,213,14,14,D14_20260324102545.mp4; D14_20260324103435.mp4; D14_20260324103738.mp4; D14_20260324104544.mp4; D14_20260324105143.mp4; ...
TSSDC_Mumbai,2026-03-25 16:17:03.122000 UTC,2026-03-25,2026-03-25,Cam_01,D14_20260324102545.mp4,11:19:49,60,0,60,Day0325_NF_267,no_face_track,10:27:10,10:27:16,6,0,,2026_03_25_attendance_report.json,0,,,0.0,213,14,14,D14_20260324102545.mp4; D14_20260324103435.mp4; D14_20260324103738.mp4; D14_20260324104544.mp4; D14_20260324105143.mp4; ...
TSSDC_Mumbai,2026-03-25 16:17:03.122000 UTC,2026-03-25,2026-03-25,Cam_01,D14_20260324102545.mp4,11:19:49,60,0,60,Day0325_NF_268,no_face_track,10:27:11,10:27:11,0,0,,2026_03_25_attendance_report.json,0,,,0.0,213,14,14,D14_20260324102545.mp4; D14_20260324103435.mp4; D14_20260324103738.mp4; D14_20260324104544.mp4; D14_20260324105143.mp4; ...
TSSDC_Mumbai,2026-03-25 16:17:03.122000 UTC,2026-03-25,2026-03-25,Cam_01,D14_20260324102545.mp4,11:19:49,60,0,60,Day0325_NF_269,no_face_track,10:27:15,10:27:16,1,0,,2026_03_25_attendance_report.json,0,,,0.0,213,14,14,D14_20260324102545.mp4; D14_20260324103435.mp4; D14_20260324103738.mp4; D14_20260324104544.mp4; D14_20260324105143.mp4; ...
TSSDC_Mumbai,2026-03-25 16:25:01.714000 UTC,2026-03-25,2026-03-25,Cam_01,D14_20260324103435.mp4,11:19:49,60,0,60,Day0325_NF_271,no_face_track,10:35:03,10:35:08,5,0,,2026_03_25_attendance_report.json,0,,,0.0,216,13,13,D14_20260324103435.mp4; D14_20260324103738.mp4; D14_20260324104544.mp4; D14_20260324105143.mp4; D14_20260324105425.mp4; ...
TSSDC_Mumbai,2026-03-25 16:25:01.714000 UTC,2026-03-25,2026-03-25,Cam_01,D14_20260324103435.mp4,11:19:49,60,0,60,Day0325_NF_272,no_face_track,10:35:08,10:35:13,5,0,,2026_03_25_attendance_report.json,0,,,0.0,216,13,13,D14_20260324103435.mp4; D14_20260324103738.mp4; D14_20260324104544.mp4; D14_20260324105143.mp4; D14_20260324105425.mp4; ...
TSSDC_Mumbai,2026-03-25 16:25:01.714000 UTC,2026-03-25,2026-03-25,Cam_01,D14_20260324103435.mp4,11:19:49,60,0,60,Day0325_NF_273,no_face_track,10:35:34,10:35:35,1,0,,2026_03_25_attendance_report.json,0,,,0.0,216,13,13,D14_20260324103435.mp4; D14_20260324103738.mp4; D14_20260324104544.mp4; D14_20260324105143.mp4; D14_20260324105425.mp4; ...
TSSDC_Mumbai,2026-03-25 16:34:23.253000 UTC,2026-03-25,2026-03-25,Cam_01,D14_20260324103738.mp4,11:19:49,61,0,61,Day0325_NF_275,no_face_track,10:38:16,10:38:16,0,0,,2026_03_25_attendance_report.json,0,,,0.0,222,12,12,D14_20260324103738.mp4; D14_20260324104544.mp4; D14_20260324105143.mp4; D14_20260324105425.mp4; D14_20260324105537.mp4; ...
TSSDC_Mumbai,2026-03-25 16:34:23.253000 UTC,2026-03-25,2026-03-25,Cam_01,D14_20260324103738.mp4,11:19:49,61,0,61,Day0325_NF_277,no_face_track,10:38:23,10:38:27,4,0,,2026_03_25_attendance_report.json,0,,,0.0,222,12,12,D14_20260324103738.mp4; D14_20260324104544.mp4; D14_20260324105143.mp4; D14_20260324105425.mp4; D14_20260324105537.mp4; ...
TSSDC_Mumbai,2026-03-25 16:34:23.253000 UTC,2026-03-25,2026-03-25,Cam_01,D14_20260324103738.mp4,11:19:49,61,0,61,Day0325_NF_278,no_face_track,10:38:27,10:38:27,0,0,,2026_03_25_attendance_report.json,0,,,0.0,222,12,12,D14_20260324103738.mp4; D14_20260324104544.mp4; D14_20260324105143.mp4; D14_20260324105425.mp4; D14_20260324105537.mp4; ...
TSSDC_Mumbai,2026-03-25 16:34:23.253000 UTC,2026-03-25,2026-03-25,Cam_01,D14_20260324103738.mp4,11:19:49,61,0,61,Day0325_NF_280,no_face_track,10:38:30,10:38:32,2,0,,2026_03_25_attendance_report.json,0,,,0.0,222,12,12,D14_20260324103738.mp4; D14_20260324104544.mp4; D14_20260324105143.mp4; D14_20260324105425.mp4; D14_20260324105537.mp4; ...
TSSDC_Mumbai,2026-03-25 16:34:23.253000 UTC,2026-03-25,2026-03-25,Cam_01,D14_20260324103738.mp4,11:19:49,61,0,61,Day0325_NF_281,no_face_track,10:38:32,10:38:41,9,0,,2026_03_25_attendance_report.json,0,,,0.0,222,12,12,D14_20260324103738.mp4; D14_20260324104544.mp4; D14_20260324105143.mp4; D14_20260324105425.mp4; D14_20260324105537.mp4; ...
TSSDC_Mumbai,2026-03-25 16:34:23.253000 UTC,2026-03-25,2026-03-25,Cam_01,D14_20260324103738.mp4,11:19:49,61,0,61,Day0325_NF_282,no_face_track,10:38:41,10:38:41,0,0,,2026_03_25_attendance_report.json,0,,,0.0,222,12,12,D14_20260324103738.mp4; D14_20260324104544.mp4; D14_20260324105143.mp4; D14_20260324105425.mp4; D14_20260324105537.mp4; ...
TSSDC_Mumbai,2026-03-25 16:50:00.486000 UTC,2026-03-25,2026-03-25,Cam_01,D14_20260324104544.mp4,11:19:49,62,0,62,Day0325_NF_283,no_face_track,10:46:32,10:46:37,5,0,,2026_03_25_attendance_report.json,0,,,0.0,229,11,11,D14_20260324104544.mp4; D14_20260324105143.mp4; D14_20260324105425.mp4; D14_20260324105537.mp4; D14_20260324105958.mp4; ...
TSSDC_Mumbai,2026-03-25 16:50:00.486000 UTC,2026-03-25,2026-03-25,Cam_01,D14_20260324104544.mp4,11:19:49,62,0,62,Day0325_NF_284,no_face_track,10:46:36,10:46:36,0,0,,2026_03_25_attendance_report.json,0,,,0.0,229,11,11,D14_20260324104544.mp4; D14_20260324105143.mp4; D14_20260324105425.mp4; D14_20260324105537.mp4; D14_20260324105958.mp4; ...
TSSDC_Mumbai,2026-03-25 16:50:00.486000 UTC,2026-03-25,2026-03-25,Cam_01,D14_20260324104544.mp4,11:19:49,62,0,62,Day0325_NF_287,no_face_track,10:47:05,10:47:08,3,0,,2026_03_25_attendance_report.json,0,,,0.0,229,11,11,D14_20260324104544.mp4; D14_20260324105143.mp4; D14_20260324105425.mp4; D14_20260324105537.mp4; D14_20260324105958.mp4; ...
TSSDC_Mumbai,2026-03-25 16:50:00.486000 UTC,2026-03-25,2026-03-25,Cam_01,D14_20260324104544.mp4,11:19:49,62,0,62,Day0325_NF_288,no_face_track,10:47:52,10:47:54,2,0,,2026_03_25_attendance_report.json,0,,,0.0,229,11,11,D14_20260324104544.mp4; D14_20260324105143.mp4; D14_20260324105425.mp4; D14_20260324105537.mp4; D14_20260324105958.mp4; ...
TSSDC_Mumbai,2026-03-25 16:50:00.486000 UTC,2026-03-25,2026-03-25,Cam_01,D14_20260324104544.mp4,11:19:49,62,0,62,Day0325_NF_289,no_face_track,10:47:52,10:47:54,2,0,,2026_03_25_attendance_report.json,0,,,0.0,229,11,11,D14_20260324104544.mp4; D14_20260324105143.mp4; D14_20260324105425.mp4; D14_20260324105537.mp4; D14_20260324105958.mp4; ...
TSSDC_Mumbai,2026-03-25 16:50:00.486000 UTC,2026-03-25,2026-03-25,Cam_01,D14_20260324104544.mp4,11:19:49,62,0,62,Day0325_NF_291,no_face_track,10:47:53,10:47:53,0,0,,2026_03_25_attendance_report.json,0,,,0.0,229,11,11,D14_20260324104544.mp4; D14_20260324105143.mp4; D14_20260324105425.mp4; D14_20260324105537.mp4; D14_20260324105958.mp4; ...
TSSDC_Mumbai,2026-03-25 16:50:00.486000 UTC,2026-03-25,2026-03-25,Cam_01,D14_20260324104544.mp4,11:19:49,62,0,62,Day0325_NF_292,no_face_track,10:47:59,10:47:59,0,0,,2026_03_25_attendance_report.json,0,,,0.0,229,11,11,D14_20260324104544.mp4; D14_20260324105143.mp4; D14_20260324105425.mp4; D14_20260324105537.mp4; D14_20260324105958.mp4; ...
TSSDC_Mumbai,2026-03-25 18:10:04.181000 UTC,2026-03-25,2026-03-25,Cam_01,D14_20260324110501.mp4,11:19:49,74,0,74,Day0325_NF_294,no_face_track,10:52:27,10:52:27,0,0,,2026_03_25_attendance_report.json,0,,,0.0,289,10,10,D14_20260324105143.mp4; D14_20260324105425.mp4; D14_20260324105537.mp4; D14_20260324105958.mp4; D14_20260324110157.mp4; ...
TSSDC_Mumbai,2026-03-25 18:10:04.181000 UTC,2026-03-25,2026-03-25,Cam_01,D14_20260324110501.mp4,11:19:49,74,0,74,Day0325_NF_295,no_face_track,10:52:45,10:52:46,1,0,,2026_03_25_attendance_report.json,0,,,0.0,289,10,10,D14_20260324105143.mp4; D14_20260324105425.mp4; D14_20260324105537.mp4; D14_20260324105958.mp4; D14_20260324110157.mp4; ...
TSSDC_Mumbai,2026-03-25 18:10:04.181000 UTC,2026-03-25,2026-03-25,Cam_01,D14_20260324110501.mp4,11:19:49,74,0,74,Day0325_NF_296,no_face_track,10:53:13,10:53:16,3,0,,2026_03_25_attendance_report.json,0,,,0.0,289,10,10,D14_20260324105143.mp4; D14_20260324105425.mp4; D14_20260324105537.mp4; D14_20260324105958.mp4; D14_20260324110157.mp4; ...
TSSDC_Mumbai,2026-03-25 18:10:04.181000 UTC,2026-03-25,2026-03-25,Cam_01,D14_20260324110501.mp4,11:19:49,74,0,74,Day0325_NF_297,no_face_track,10:53:18,10:53:19,1,0,,2026_03_25_attendance_report.json,0,,,0.0,289,10,10,D14_20260324105143.mp4; D14_20260324105425.mp4; D14_20260324105537.mp4; D14_20260324105958.mp4; D14_20260324110157.mp4; ...
TSSDC_Mumbai,2026-03-25 18:10:04.181000 UTC,2026-03-25,2026-03-25,Cam_01,D14_20260324110501.mp4,11:19:49,74,0,74,Day0325_NF_298,no_face_track,10:53:22,10:53:22,0,0,,2026_03_25_attendance_report.json,0,,,0.0,289,10,10,D14_20260324105143.mp4; D14_20260324105425.mp4; D14_20260324105537.mp4; D14_20260324105958.mp4; D14_20260324110157.mp4; ...
TSSDC_Mumbai,2026-03-25 18:10:04.181000 UTC,2026-03-25,2026-03-25,Cam_01,D14_20260324110501.mp4,11:19:49,74,0,74,Day0325_NF_299,no_face_track,10:53:22,10:53:26,4,0,,2026_03_25_attendance_report.json,0,,,0.0,289,10,10,D14_20260324105143.mp4; D14_20260324105425.mp4; D14_20260324105537.mp4; D14_20260324105958.mp4; D14_20260324110157.mp4; ...
TSSDC_Mumbai,2026-03-25 18:10:04.181000 UTC,2026-03-25,2026-03-25,Cam_01,D14_20260324110501.mp4,11:19:49,74,0,74,Day0325_NF_300,no_face_track,10:53:24,10:53:25,1,0,,2026_03_25_attendance_report.json,0,,,0.0,289,10,10,D14_20260324105143.mp4; D14_20260324105425.mp4; D14_20260324105537.mp4; D14_20260324105958.mp4; D14_20260324110157.mp4; ...
TSSDC_Mumbai,2026-03-25 18:10:04.181000 UTC,2026-03-25,2026-03-25,Cam_01,D14_20260324110501.mp4,11:19:49,74,0,74,Day0325_NF_301,no_face_track,10:53:25,10:53:28,3,0,,2026_03_25_attendance_report.json,0,,,0.0,289,10,10,D14_20260324105143.mp4; D14_20260324105425.mp4; D14_20260324105537.mp4; D14_20260324105958.mp4; D14_20260324110157.mp4; ...
TSSDC_Mumbai,2026-03-25 18:10:04.181000 UTC,2026-03-25,2026-03-25,Cam_01,D14_20260324110501.mp4,11:19:49,74,0,74,Day0325_NF_303,no_face_track,10:53:25,10:53:28,3,0,,2026_03_25_attendance_report.json,0,,,0.0,289,10,10,D14_20260324105143.mp4; D14_20260324105425.mp4; D14_20260324105537.mp4; D14_20260324105958.mp4; D14_20260324110157.mp4; ...
TSSDC_Mumbai,2026-03-25 18:10:04.181000 UTC,2026-03-25,2026-03-25,Cam_01,D14_20260324110501.mp4,11:19:49,74,0,74,Day0325_NF_304,no_face_track,10:54:31,10:54:35,4,0,,2026_03_25_attendance_report.json,0,,,0.0,289,9,9,D14_20260324105425.mp4; D14_20260324105537.mp4; D14_20260324105958.mp4; D14_20260324110157.mp4; D14_20260324110219.mp4; ...
TSSDC_Mumbai,2026-03-25 18:10:04.181000 UTC,2026-03-25,2026-03-25,Cam_01,D14_20260324110501.mp4,11:19:49,74,0,74,Day0325_NF_305,no_face_track,10:54:34,10:54:35,1,0,,2026_03_25_attendance_report.json,0,,,0.0,289,9,9,D14_20260324105425.mp4; D14_20260324105537.mp4; D14_20260324105958.mp4; D14_20260324110157.mp4; D14_20260324110219.mp4; ...
TSSDC_Mumbai,2026-03-25 18:10:04.181000 UTC,2026-03-25,2026-03-25,Cam_01,D14_20260324110501.mp4,11:19:49,74,0,74,Day0325_NF_306,no_face_track,10:54:35,10:54:35,0,0,,2026_03_25_attendance_report.json,0,,,0.0,289,9,9,D14_20260324105425.mp4; D14_20260324105537.mp4; D14_20260324105958.mp4; D14_20260324110157.mp4; D14_20260324110219.mp4; ...
TSSDC_Mumbai,2026-03-25 18:10:04.181000 UTC,2026-03-25,2026-03-25,Cam_01,D14_20260324110501.mp4,11:19:49,74,0,74,Day0325_NF_307,no_face_track,10:54:41,10:54:42,1,0,,2026_03_25_attendance_report.json,0,,,0.0,289,9,9,D14_20260324105425.mp4; D14_20260324105537.mp4; D14_20260324105958.mp4; D14_20260324110157.mp4; D14_20260324110219.mp4; ...
TSSDC_Mumbai,2026-03-25 18:10:04.181000 UTC,2026-03-25,2026-03-25,Cam_01,D14_20260324110501.mp4,11:19:49,74,0,74,Day0325_NF_309,no_face_track,10:54:43,10:54:43,0,0,,2026_03_25_attendance_report.json,0,,,0.0,289,9,9,D14_20260324105425.mp4; D14_20260324105537.mp4; D14_20260324105958.mp4; D14_20260324110157.mp4; D14_20260324110219.mp4; ...
TSSDC_Mumbai,2026-03-25 18:10:04.181000 UTC,2026-03-25,2026-03-25,Cam_01,D14_20260324110501.mp4,11:19:49,74,0,74,Day0325_NF_311,no_face_track,10:55:56,10:55:58,2,0,,2026_03_25_attendance_report.json,0,,,0.0,289,8,8,D14_20260324105537.mp4; D14_20260324105958.mp4; D14_20260324110157.mp4; D14_20260324110219.mp4; D14_20260324110501.mp4; ...
TSSDC_Mumbai,2026-03-25 18:10:04.181000 UTC,2026-03-25,2026-03-25,Cam_01,D14_20260324110501.mp4,11:19:49,74,0,74,Day0325_NF_312,no_face_track,10:56:06,10:56:09,3,0,,2026_03_25_attendance_report.json,0,,,0.0,289,8,8,D14_20260324105537.mp4; D14_20260324105958.mp4; D14_20260324110157.mp4; D14_20260324110219.mp4; D14_20260324110501.mp4; ...
TSSDC_Mumbai,2026-03-25 18:10:04.181000 UTC,2026-03-25,2026-03-25,Cam_01,D14_20260324110501.mp4,11:19:49,74,0,74,Day0325_NF_313,no_face_track,10:56:32,10:56:34,2,0,,2026_03_25_attendance_report.json,0,,,0.0,289,8,8,D14_20260324105537.mp4; D14_20260324105958.mp4; D14_20260324110157.mp4; D14_20260324110219.mp4; D14_20260324110501.mp4; ...
TSSDC_Mumbai,2026-03-25 18:10:04.181000 UTC,2026-03-25,2026-03-25,Cam_01,D14_20260324110501.mp4,11:19:49,74,0,74,Day0325_NF_314,no_face_track,10:56:33,10:56:44,11,0,,2026_03_25_attendance_report.json,0,,,0.0,289,8,8,D14_20260324105537.mp4; D14_20260324105958.mp4; D14_20260324110157.mp4; D14_20260324110219.mp4; D14_20260324110501.mp4; ...
TSSDC_Mumbai,2026-03-25 18:10:04.181000 UTC,2026-03-25,2026-03-25,Cam_01,D14_20260324110501.mp4,11:19:49,74,0,74,Day0325_NF_315,no_face_track,10:56:54,10:56:57,3,0,,2026_03_25_attendance_report.json,0,,,0.0,289,8,8,D14_20260324105537.mp4; D14_20260324105958.mp4; D14_20260324110157.mp4; D14_20260324110219.mp4; D14_20260324110501.mp4; ...
TSSDC_Mumbai,2026-03-25 18:10:04.181000 UTC,2026-03-25,2026-03-25,Cam_01,D14_20260324110501.mp4,11:19:49,74,0,74,Day0325_NF_316,no_face_track,11:00:12,11:00:13,1,0,,2026_03_25_attendance_report.json,0,,,0.0,289,7,7,D14_20260324105958.mp4; D14_20260324110157.mp4; D14_20260324110219.mp4; D14_20260324110501.mp4; D14_20260324110849.mp4; ...
TSSDC_Mumbai,2026-03-25 18:10:04.181000 UTC,2026-03-25,2026-03-25,Cam_01,D14_20260324110501.mp4,11:19:49,74,0,74,Day0325_NF_317,no_face_track,11:02:04,11:02:06,2,0,,2026_03_25_attendance_report.json,0,,,0.0,289,6,6,D14_20260324110157.mp4; D14_20260324110219.mp4; D14_20260324110501.mp4; D14_20260324110849.mp4; D14_20260324110934.mp4; ...
TSSDC_Mumbai,2026-03-25 18:10:04.181000 UTC,2026-03-25,2026-03-25,Cam_01,D14_20260324110501.mp4,11:19:49,74,0,74,Day0325_NF_318,no_face_track,11:02:06,11:02:12,6,0,,2026_03_25_attendance_report.json,0,,,0.0,289,6,6,D14_20260324110157.mp4; D14_20260324110219.mp4; D14_20260324110501.mp4; D14_20260324110849.mp4; D14_20260324110934.mp4; ...
TSSDC_Mumbai,2026-03-25 18:10:04.181000 UTC,2026-03-25,2026-03-25,Cam_01,D14_20260324110501.mp4,11:19:49,74,0,74,Day0325_NF_320,no_face_track,11:02:08,11:02:08,0,0,,2026_03_25_attendance_report.json,0,,,0.0,289,6,6,D14_20260324110157.mp4; D14_20260324110219.mp4; D14_20260324110501.mp4; D14_20260324110849.mp4; D14_20260324110934.mp4; ...
TSSDC_Mumbai,2026-03-25 18:10:04.181000 UTC,2026-03-25,2026-03-25,Cam_01,D14_20260324110501.mp4,11:19:49,74,0,74,Day0325_NF_321,no_face_track,11:02:10,11:02:10,0,0,,2026_03_25_attendance_report.json,0,,,0.0,289,6,6,D14_20260324110157.mp4; D14_20260324110219.mp4; D14_20260324110501.mp4; D14_20260324110849.mp4; D14_20260324110934.mp4; ...
TSSDC_Mumbai,2026-03-25 18:10:04.181000 UTC,2026-03-25,2026-03-25,Cam_01,D14_20260324110501.mp4,11:19:49,74,0,74,Day0325_NF_322,no_face_track,11:02:13,11:02:18,5,0,,2026_03_25_attendance_report.json,0,,,0.0,289,6,6,D14_20260324110157.mp4; D14_20260324110219.mp4; D14_20260324110501.mp4; D14_20260324110849.mp4; D14_20260324110934.mp4; ...
TSSDC_Mumbai,2026-03-25 18:10:04.181000 UTC,2026-03-25,2026-03-25,Cam_01,D14_20260324110501.mp4,11:19:49,74,0,74,Day0325_NF_323,no_face_track,11:02:15,11:02:19,4,0,,2026_03_25_attendance_report.json,0,,,0.0,289,6,6,D14_20260324110157.mp4; D14_20260324110219.mp4; D14_20260324110501.mp4; D14_20260324110849.mp4; D14_20260324110934.mp4; ...
TSSDC_Mumbai,2026-03-25 18:10:04.181000 UTC,2026-03-25,2026-03-25,Cam_01,D14_20260324110501.mp4,11:19:49,74,0,74,Day0325_NF_324,no_face_track,11:02:18,11:02:19,1,0,,2026_03_25_attendance_report.json,0,,,0.0,289,6,6,D14_20260324110157.mp4; D14_20260324110219.mp4; D14_20260324110501.mp4; D14_20260324110849.mp4; D14_20260324110934.mp4; ...
TSSDC_Mumbai,2026-03-25 18:10:04.181000 UTC,2026-03-25,2026-03-25,Cam_01,D14_20260324110501.mp4,11:19:49,74,0,74,Day0325_NF_325,no_face_track,11:02:19,11:02:24,5,0,,2026_03_25_attendance_report.json,0,,,0.0,289,5,5,D14_20260324110219.mp4; D14_20260324110501.mp4; D14_20260324110849.mp4; D14_20260324110934.mp4; D14_20260324111058.mp4
TSSDC_Mumbai,2026-03-25 18:10:04.181000 UTC,2026-03-25,2026-03-25,Cam_01,D14_20260324110501.mp4,11:19:49,74,0,74,Day0325_NF_326,no_face_track,11:02:19,11:02:21,2,0,,2026_03_25_attendance_report.json,0,,,0.0,289,5,5,D14_20260324110219.mp4; D14_20260324110501.mp4; D14_20260324110849.mp4; D14_20260324110934.mp4; D14_20260324111058.mp4
TSSDC_Mumbai,2026-03-25 18:10:04.181000 UTC,2026-03-25,2026-03-25,Cam_01,D14_20260324110501.mp4,11:19:49,74,0,74,Day0325_NF_327,no_face_track,11:02:19,11:02:24,5,0,,2026_03_25_attendance_report.json,0,,,0.0,289,5,5,D14_20260324110219.mp4; D14_20260324110501.mp4; D14_20260324110849.mp4; D14_20260324110934.mp4; D14_20260324111058.mp4
TSSDC_Mumbai,2026-03-25 18:10:04.181000 UTC,2026-03-25,2026-03-25,Cam_01,D14_20260324110501.mp4,11:19:49,74,0,74,Day0325_NF_328,no_face_track,11:02:19,11:02:22,3,0,,2026_03_25_attendance_report.json,0,,,0.0,289,5,5,D14_20260324110219.mp4; D14_20260324110501.mp4; D14_20260324110849.mp4; D14_20260324110934.mp4; D14_20260324111058.mp4
TSSDC_Mumbai,2026-03-25 18:10:04.181000 UTC,2026-03-25,2026-03-25,Cam_01,D14_20260324110501.mp4,11:19:49,74,0,74,Day0325_NF_329,no_face_track,11:02:19,11:02:23,4,0,,2026_03_25_attendance_report.json,0,,,0.0,289,5,5,D14_20260324110219.mp4; D14_20260324110501.mp4; D14_20260324110849.mp4; D14_20260324110934.mp4; D14_20260324111058.mp4
TSSDC_Mumbai,2026-03-25 18:10:04.181000 UTC,2026-03-25,2026-03-25,Cam_01,D14_20260324110501.mp4,11:19:49,74,0,74,Day0325_NF_330,no_face_track,11:02:21,11:02:21,0,0,,2026_03_25_attendance_report.json,0,,,0.0,289,5,5,D14_20260324110219.mp4; D14_20260324110501.mp4; D14_20260324110849.mp4; D14_20260324110934.mp4; D14_20260324111058.mp4
TSSDC_Mumbai,2026-03-25 18:10:04.181000 UTC,2026-03-25,2026-03-25,Cam_01,D14_20260324110501.mp4,11:19:49,74,0,74,Day0325_NF_331,no_face_track,11:02:21,11:02:22,1,0,,2026_03_25_attendance_report.json,0,,,0.0,289,5,5,D14_20260324110219.mp4; D14_20260324110501.mp4; D14_20260324110849.mp4; D14_20260324110934.mp4; D14_20260324111058.mp4
TSSDC_Mumbai,2026-03-25 18:10:04.181000 UTC,2026-03-25,2026-03-25,Cam_01,D14_20260324110501.mp4,11:19:49,74,0,74,Day0325_NF_332,no_face_track,11:02:21,11:02:21,0,0,,2026_03_25_attendance_report.json,0,,,0.0,289,5,5,D14_20260324110219.mp4; D14_20260324110501.mp4; D14_20260324110849.mp4; D14_20260324110934.mp4; D14_20260324111058.mp4
TSSDC_Mumbai,2026-03-25 18:10:04.181000 UTC,2026-03-25,2026-03-25,Cam_01,D14_20260324110501.mp4,11:19:49,74,0,74,Day0325_NF_333,no_face_track,11:02:22,11:02:23,1,0,,2026_03_25_attendance_report.json,0,,,0.0,289,5,5,D14_20260324110219.mp4; D14_20260324110501.mp4; D14_20260324110849.mp4; D14_20260324110934.mp4; D14_20260324111058.mp4
TSSDC_Mumbai,2026-03-25 18:10:04.181000 UTC,2026-03-25,2026-03-25,Cam_01,D14_20260324110501.mp4,11:19:49,74,0,74,Day0325_NF_334,no_face_track,11:02:23,11:02:24,1,0,,2026_03_25_attendance_report.json,0,,,0.0,289,5,5,D14_20260324110219.mp4; D14_20260324110501.mp4; D14_20260324110849.mp4; D14_20260324110934.mp4; D14_20260324111058.mp4
TSSDC_Mumbai,2026-03-25 18:10:04.181000 UTC,2026-03-25,2026-03-25,Cam_01,D14_20260324110501.mp4,11:19:49,74,0,74,Day0325_NF_335,no_face_track,11:02:28,11:02:29,1,0,,2026_03_25_attendance_report.json,0,,,0.0,289,5,5,D14_20260324110219.mp4; D14_20260324110501.mp4; D14_20260324110849.mp4; D14_20260324110934.mp4; D14_20260324111058.mp4
TSSDC_Mumbai,2026-03-25 18:10:04.181000 UTC,2026-03-25,2026-03-25,Cam_01,D14_20260324110501.mp4,11:19:49,74,0,74,Day0325_NF_336,no_face_track,11:02:28,11:02:30,2,0,,2026_03_25_attendance_report.json,0,,,0.0,289,5,5,D14_20260324110219.mp4; D14_20260324110501.mp4; D14_20260324110849.mp4; D14_20260324110934.mp4; D14_20260324111058.mp4
TSSDC_Mumbai,2026-03-25 18:10:04.181000 UTC,2026-03-25,2026-03-25,Cam_01,D14_20260324110501.mp4,11:19:49,74,0,74,Day0325_NF_338,no_face_track,11:02:30,11:02:31,1,0,,2026_03_25_attendance_report.json,0,,,0.0,289,5,5,D14_20260324110219.mp4; D14_20260324110501.mp4; D14_20260324110849.mp4; D14_20260324110934.mp4; D14_20260324111058.mp4
TSSDC_Mumbai,2026-03-25 18:10:04.181000 UTC,2026-03-25,2026-03-25,Cam_01,D14_20260324110501.mp4,11:19:49,74,0,74,Day0325_NF_340,no_face_track,11:03:35,11:03:39,4,0,,2026_03_25_attendance_report.json,0,,,0.0,289,5,5,D14_20260324110219.mp4; D14_20260324110501.mp4; D14_20260324110849.mp4; D14_20260324110934.mp4; D14_20260324111058.mp4
TSSDC_Mumbai,2026-03-25 18:10:04.181000 UTC,2026-03-25,2026-03-25,Cam_01,D14_20260324110501.mp4,11:19:49,74,0,74,Day0325_NF_342,no_face_track,11:03:40,11:03:42,2,0,,2026_03_25_attendance_report.json,0,,,0.0,289,5,5,D14_20260324110219.mp4; D14_20260324110501.mp4; D14_20260324110849.mp4; D14_20260324110934.mp4; D14_20260324111058.mp4
TSSDC_Mumbai,2026-03-25 18:10:04.181000 UTC,2026-03-25,2026-03-25,Cam_01,D14_20260324110501.mp4,11:19:49,74,0,74,Day0325_NF_343,no_face_track,11:03:40,11:03:40,0,0,,2026_03_25_attendance_report.json,0,,,0.0,289,5,5,D14_20260324110219.mp4; D14_20260324110501.mp4; D14_20260324110849.mp4; D14_20260324110934.mp4; D14_20260324111058.mp4
TSSDC_Mumbai,2026-03-25 18:10:04.181000 UTC,2026-03-25,2026-03-25,Cam_01,D14_20260324110501.mp4,11:19:49,74,0,74,Day0325_NF_345,no_face_track,11:03:42,11:03:42,0,0,,2026_03_25_attendance_report.json,0,,,0.0,289,5,5,D14_20260324110219.mp4; D14_20260324110501.mp4; D14_20260324110849.mp4; D14_20260324110934.mp4; D14_20260324111058.mp4
TSSDC_Mumbai,2026-03-25 18:10:04.181000 UTC,2026-03-25,2026-03-25,Cam_01,D14_20260324110501.mp4,11:19:49,74,0,74,Day0325_NF_346,no_face_track,11:03:48,11:03:49,1,0,,2026_03_25_attendance_report.json,0,,,0.0,289,5,5,D14_20260324110219.mp4; D14_20260324110501.mp4; D14_20260324110849.mp4; D14_20260324110934.mp4; D14_20260324111058.mp4
TSSDC_Mumbai,2026-03-25 18:10:04.181000 UTC,2026-03-25,2026-03-25,Cam_01,D14_20260324110501.mp4,11:19:49,74,0,74,Day0325_NF_347,no_face_track,11:03:49,11:03:49,0,0,,2026_03_25_attendance_report.json,0,,,0.0,289,5,5,D14_20260324110219.mp4; D14_20260324110501.mp4; D14_20260324110849.mp4; D14_20260324110934.mp4; D14_20260324111058.mp4
TSSDC_Mumbai,2026-03-25 18:10:04.181000 UTC,2026-03-25,2026-03-25,Cam_01,D14_20260324110501.mp4,11:19:49,74,0,74,Day0325_NF_348,no_face_track,11:05:10,11:05:16,6,0,,2026_03_25_attendance_report.json,0,,,0.0,289,4,4,D14_20260324110501.mp4; D14_20260324110849.mp4; D14_20260324110934.mp4; D14_20260324111058.mp4
TSSDC_Mumbai,2026-03-25 18:10:04.181000 UTC,2026-03-25,2026-03-25,Cam_01,D14_20260324110501.mp4,11:19:49,74,0,74,Day0325_NF_349,no_face_track,11:05:11,11:05:22,11,0,,2026_03_25_attendance_report.json,0,,,0.0,289,4,4,D14_20260324110501.mp4; D14_20260324110849.mp4; D14_20260324110934.mp4; D14_20260324111058.mp4
TSSDC_Mumbai,2026-03-25 18:10:04.181000 UTC,2026-03-25,2026-03-25,Cam_01,D14_20260324110501.mp4,11:19:49,74,0,74,Day0325_NF_350,no_face_track,11:05:25,11:05:27,2,0,,2026_03_25_attendance_report.json,0,,,0.0,289,4,4,D14_20260324110501.mp4; D14_20260324110849.mp4; D14_20260324110934.mp4; D14_20260324111058.mp4
TSSDC_Mumbai,2026-03-25 18:10:04.181000 UTC,2026-03-25,2026-03-25,Cam_01,D14_20260324110501.mp4,11:19:49,74,0,74,Day0325_NF_351,no_face_track,11:05:35,11:05:39,4,0,,2026_03_25_attendance_report.json,0,,,0.0,289,4,4,D14_20260324110501.mp4; D14_20260324110849.mp4; D14_20260324110934.mp4; D14_20260324111058.mp4
TSSDC_Mumbai,2026-03-25 18:10:04.181000 UTC,2026-03-25,2026-03-25,Cam_01,D14_20260324110501.mp4,11:19:49,74,0,74,Day0325_NF_353,no_face_track,11:05:39,11:05:39,0,0,,2026_03_25_attendance_report.json,0,,,0.0,289,4,4,D14_20260324110501.mp4; D14_20260324110849.mp4; D14_20260324110934.mp4; D14_20260324111058.mp4
TSSDC_Mumbai,2026-03-25 18:10:04.181000 UTC,2026-03-25,2026-03-25,Cam_01,D14_20260324110501.mp4,11:19:49,74,0,74,Day0325_NF_354,no_face_track,11:05:39,11:05:40,1,0,,2026_03_25_attendance_report.json,0,,,0.0,289,4,4,D14_20260324110501.mp4; D14_20260324110849.mp4; D14_20260324110934.mp4; D14_20260324111058.mp4
TSSDC_Mumbai,2026-03-25 18:10:04.181000 UTC,2026-03-25,2026-03-25,Cam_01,D14_20260324110501.mp4,11:19:49,74,0,74,Day0325_NF_355,no_face_track,11:05:39,11:05:40,1,0,,2026_03_25_attendance_report.json,0,,,0.0,289,4,4,D14_20260324110501.mp4; D14_20260324110849.mp4; D14_20260324110934.mp4; D14_20260324111058.mp4
TSSDC_Mumbai,2026-03-25 18:10:04.181000 UTC,2026-03-25,2026-03-25,Cam_01,D14_20260324110501.mp4,11:19:49,74,0,74,Day0325_NF_356,no_face_track,11:05:45,11:05:45,0,0,,2026_03_25_attendance_report.json,0,,,0.0,289,4,4,D14_20260324110501.mp4; D14_20260324110849.mp4; D14_20260324110934.mp4; D14_20260324111058.mp4
TSSDC_Mumbai,2026-03-25 18:10:04.181000 UTC,2026-03-25,2026-03-25,Cam_01,D14_20260324110501.mp4,11:19:49,74,0,74,Day0325_NF_358,no_face_track,11:05:55,11:05:55,0,0,,2026_03_25_attendance_report.json,0,,,0.0,289,4,4,D14_20260324110501.mp4; D14_20260324110849.mp4; D14_20260324110934.mp4; D14_20260324111058.mp4
TSSDC_Mumbai,2026-03-25 18:10:04.181000 UTC,2026-03-25,2026-03-25,Cam_01,D14_20260324110501.mp4,11:19:49,74,0,74,Day0325_NF_359,no_face_track,11:06:25,11:06:34,9,0,,2026_03_25_attendance_report.json,0,,,0.0,289,4,4,D14_20260324110501.mp4; D14_20260324110849.mp4; D14_20260324110934.mp4; D14_20260324111058.mp4
TSSDC_Mumbai,2026-03-25 18:10:04.181000 UTC,2026-03-25,2026-03-25,Cam_01,D14_20260324110501.mp4,11:19:49,74,0,74,Day0325_NF_360,no_face_track,11:06:34,11:06:35,1,0,,2026_03_25_attendance_report.json,0,,,0.0,289,4,4,D14_20260324110501.mp4; D14_20260324110849.mp4; D14_20260324110934.mp4; D14_20260324111058.mp4
TSSDC_Mumbai,2026-03-25 18:10:04.181000 UTC,2026-03-25,2026-03-25,Cam_01,D14_20260324110501.mp4,11:19:49,74,0,74,Day0325_NF_361,no_face_track,11:07:13,11:07:23,10,0,,2026_03_25_attendance_report.json,0,,,0.0,289,4,4,D14_20260324110501.mp4; D14_20260324110849.mp4; D14_20260324110934.mp4; D14_20260324111058.mp4
TSSDC_Mumbai,2026-03-25 18:10:04.181000 UTC,2026-03-25,2026-03-25,Cam_01,D14_20260324110501.mp4,11:19:49,74,0,74,Day0325_NF_362,no_face_track,11:07:21,11:07:21,0,0,,2026_03_25_attendance_report.json,0,,,0.0,289,4,4,D14_20260324110501.mp4; D14_20260324110849.mp4; D14_20260324110934.mp4; D14_20260324111058.mp4
TSSDC_Mumbai,2026-03-25 18:10:04.181000 UTC,2026-03-25,2026-03-25,Cam_01,D14_20260324110501.mp4,11:19:49,74,0,74,Day0325_NF_363,no_face_track,11:08:00,11:08:01,1,0,,2026_03_25_attendance_report.json,0,,,0.0,289,4,4,D14_20260324110501.mp4; D14_20260324110849.mp4; D14_20260324110934.mp4; D14_20260324111058.mp4
TSSDC_Mumbai,2026-03-25 18:34:56.306000 UTC,2026-03-25,2026-03-25,Cam_01,D14_20260324111058.mp4,11:19:49,77,0,77,Day0325_NF_364,no_face_track,11:11:05,11:11:11,6,0,,2026_03_25_attendance_report.json,0,,,0.0,295,1,1,D14_20260324111058.mp4
TSSDC_Mumbai,2026-03-25 18:34:56.306000 UTC,2026-03-25,2026-03-25,Cam_01,D14_20260324111058.mp4,11:19:49,77,0,77,Day0325_NF_365,no_face_track,11:11:41,11:11:43,2,0,,2026_03_25_attendance_report.json,0,,,0.0,295,1,1,D14_20260324111058.mp4
TSSDC_Mumbai,2026-03-25 18:34:56.306000 UTC,2026-03-25,2026-03-25,Cam_01,D14_20260324111058.mp4,11:19:49,77,0,77,Day0325_NF_366,no_face_track,11:11:41,11:11:42,1,0,,2026_03_25_attendance_report.json,0,,,0.0,295,1,1,D14_20260324111058.mp4
TSSDC_Mumbai,2026-03-25 18:34:56.306000 UTC,2026-03-25,2026-03-25,Cam_01,D14_20260324111058.mp4,11:19:49,77,0,77,Day0325_NF_367,no_face_track,11:11:49,11:11:49,0,0,,2026_03_25_attendance_report.json,0,,,0.0,295,1,1,D14_20260324111058.mp4
TSSDC_Mumbai,2026-03-25 18:34:56.306000 UTC,2026-03-25,2026-03-25,Cam_01,D14_20260324111058.mp4,11:19:49,77,0,77,Day0325_NF_368,no_face_track,11:12:09,11:12:16,7,0,,2026_03_25_attendance_report.json,0,,,0.0,295,1,1,D14_20260324111058.mp4
TSSDC_Mumbai,2026-03-25 18:34:56.306000 UTC,2026-03-25,2026-03-25,Cam_01,D14_20260324111058.mp4,11:19:49,77,0,77,Day0325_NF_369,no_face_track,11:12:09,11:12:13,4,0,,2026_03_25_attendance_report.json,0,,,0.0,295,1,1,D14_20260324111058.mp4
TSSDC_Mumbai,2026-03-25 15:53:56.936000 UTC,2026-03-25,2026-03-25,Cam_01,D14_20260324102110.mp4,11:19:49,59,0,59,Day0325_V_001,visitor,09:55:11,10:41:22,2771,0,,2026_03_25_attendance_report.json,0,,,0.0,198,16,16,D14_20260324095503.mp4; D14_20260324095640.mp4; D14_20260324095743.mp4; D14_20260324095936.mp4; D14_20260324100628.mp4; ...
TSSDC_Mumbai,2026-03-25 16:50:00.486000 UTC,2026-03-25,2026-03-25,Cam_01,D14_20260324104544.mp4,11:19:49,62,0,62,Day0325_V_001,visitor,09:55:11,10:48:05,3174,0,,2026_03_25_attendance_report.json,0,,,0.0,229,11,11,D14_20260324104544.mp4; D14_20260324105143.mp4; D14_20260324105425.mp4; D14_20260324105537.mp4; D14_20260324105958.mp4; ...
TSSDC_Mumbai,2026-03-25 12:52:51.966000 UTC,2026-03-25,2026-03-25,Cam_01,D14_20260324092555.mp4,11:19:49,37,0,37,Day0325_V_001,visitor,10:28:47,10:41:22,755,0,,2026_03_25_attendance_report.json,0,,,0.0,116,22,22,D14_20260324090240.mp4; D14_20260324090338.mp4; D14_20260324090815.mp4; D14_20260324090949.mp4; D14_20260324091315.mp4; ...
TSSDC_Mumbai,2026-03-25 10:21:48.216000 UTC,2026-03-25,2026-03-25,Cam_01,D14_20260324102841.mp4,10:33:05,15,0,15,Day0325_V_001,visitor,10:28:47,10:28:56,9,0,,2026_03_25_attendance_report.json,0,,,0.0,20,1,1,D14_20260324102841.mp4
TSSDC_Mumbai,2026-03-25 15:53:56.936000 UTC,2026-03-25,2026-03-25,Cam_01,D14_20260324102110.mp4,11:19:49,59,0,59,Day0325_V_002,visitor,10:29:58,10:30:03,5,0,,2026_03_25_attendance_report.json,0,,,0.0,198,50,50,D14_20260324090240.mp4; D14_20260324090338.mp4; D14_20260324090815.mp4; D14_20260324090949.mp4; D14_20260324091315.mp4; ...
TSSDC_Mumbai,2026-03-25 15:53:56.936000 UTC,2026-03-25,2026-03-25,Cam_01,D14_20260324102110.mp4,11:19:49,59,0,59,Day0325_V_003,visitor,10:30:27,10:30:33,6,0,,2026_03_25_attendance_report.json,0,,,0.0,198,50,50,D14_20260324090240.mp4; D14_20260324090338.mp4; D14_20260324090815.mp4; D14_20260324090949.mp4; D14_20260324091315.mp4; ...
TSSDC_Mumbai,2026-03-25 15:53:56.936000 UTC,2026-03-25,2026-03-25,Cam_01,D14_20260324102110.mp4,11:19:49,59,0,59,Day0325_V_004,visitor,10:30:27,10:30:30,3,0,,2026_03_25_attendance_report.json,0,,,0.0,198,50,50,D14_20260324090240.mp4; D14_20260324090338.mp4; D14_20260324090815.mp4; D14_20260324090949.mp4; D14_20260324091315.mp4; ...
TSSDC_Mumbai,2026-03-25 15:53:56.936000 UTC,2026-03-25,2026-03-25,Cam_01,D14_20260324102110.mp4,11:19:49,59,0,59,Day0325_V_005,visitor,10:00:16,11:19:16,4740,0,,2026_03_25_attendance_report.json,0,,,0.0,198,24,24,D14_20260324095936.mp4; D14_20260324100628.mp4; D14_20260324100810.mp4; D14_20260324101143.mp4; D14_20260324101442.mp4; ...
TSSDC_Mumbai,2026-03-25 12:52:51.966000 UTC,2026-03-25,2026-03-25,Cam_01,D14_20260324092555.mp4,11:19:49,37,0,37,Day0325_V_005,visitor,10:30:29,11:19:16,2927,0,,2026_03_25_attendance_report.json,0,,,0.0,116,24,24,D14_20260324090240.mp4; D14_20260324090338.mp4; D14_20260324090815.mp4; D14_20260324090949.mp4; D14_20260324091315.mp4; ...
TSSDC_Mumbai,2026-03-25 10:21:48.216000 UTC,2026-03-25,2026-03-25,Cam_01,D14_20260324102841.mp4,10:33:05,15,0,15,Day0325_V_005,visitor,10:30:29,10:30:30,1,0,,2026_03_25_attendance_report.json,0,,,0.0,20,2,2,D14_20260324102841.mp4; D14_20260324103954.mp4
TSSDC_Mumbai,2026-03-25 15:53:56.936000 UTC,2026-03-25,2026-03-25,Cam_01,D14_20260324102110.mp4,11:19:49,59,0,59,Day0325_V_006,visitor,10:30:33,10:30:36,3,0,,2026_03_25_attendance_report.json,0,,,0.0,198,50,50,D14_20260324090240.mp4; D14_20260324090338.mp4; D14_20260324090815.mp4; D14_20260324090949.mp4; D14_20260324091315.mp4; ...
TSSDC_Mumbai,2026-03-25 15:53:56.936000 UTC,2026-03-25,2026-03-25,Cam_01,D14_20260324102110.mp4,11:19:49,59,0,59,Day0325_V_007,visitor,09:05:07,11:19:48,8081,0,,2026_03_25_attendance_report.json,0,,,0.0,198,46,46,D14_20260324090338.mp4; D14_20260324090815.mp4; D14_20260324090949.mp4; D14_20260324091315.mp4; D14_20260324091456.mp4; ...
TSSDC_Mumbai,2026-03-25 10:21:48.216000 UTC,2026-03-25,2026-03-25,Cam_01,D14_20260324102841.mp4,10:33:05,15,0,15,Day0325_V_007,visitor,10:31:10,10:31:46,36,0,,2026_03_25_attendance_report.json,0,,,0.0,20,2,2,D14_20260324102841.mp4; D14_20260324103954.mp4
TSSDC_Mumbai,2026-03-25 11:17:22.060000 UTC,2026-03-25,2026-03-25,Cam_01,D14_20260324111543.mp4,11:19:49,26,0,26,Day0325_V_007,visitor,10:31:10,11:19:48,2918,0,,2026_03_25_attendance_report.json,0,,,0.0,75,2,2,D14_20260324090240.mp4; D14_20260324111543.mp4
TSSDC_Mumbai,2026-03-25 15:53:56.936000 UTC,2026-03-25,2026-03-25,Cam_01,D14_20260324102110.mp4,11:19:49,59,0,59,Day0325_V_008,visitor,09:55:22,10:32:52,2250,0,,2026_03_25_attendance_report.json,0,,,0.0,198,27,27,D14_20260324095503.mp4; D14_20260324095640.mp4; D14_20260324095743.mp4; D14_20260324095936.mp4; D14_20260324100628.mp4; ...
TSSDC_Mumbai,2026-03-25 12:52:51.966000 UTC,2026-03-25,2026-03-25,Cam_01,D14_20260324092555.mp4,11:19:49,37,0,37,Day0325_V_008,visitor,10:32:41,10:32:52,11,0,,2026_03_25_attendance_report.json,0,,,0.0,116,23,23,D14_20260324090240.mp4; D14_20260324090338.mp4; D14_20260324090815.mp4; D14_20260324090949.mp4; D14_20260324091315.mp4; ...
TSSDC_Mumbai,2026-03-25 15:53:56.936000 UTC,2026-03-25,2026-03-25,Cam_01,D14_20260324102110.mp4,11:19:49,59,0,59,Day0325_V_009,visitor,09:15:39,10:33:05,4646,0,,2026_03_25_attendance_report.json,0,,,0.0,198,30,30,D14_20260324091456.mp4; D14_20260324091847.mp4; D14_20260324092104.mp4; D14_20260324092555.mp4; D14_20260324093026.mp4; ...
TSSDC_Mumbai,2026-03-25 16:34:23.253000 UTC,2026-03-25,2026-03-25,Cam_01,D14_20260324103738.mp4,11:19:49,61,0,61,Day0325_V_009,visitor,09:15:39,10:38:16,4957,0,,2026_03_25_attendance_report.json,0,,,0.0,222,12,12,D14_20260324103738.mp4; D14_20260324104544.mp4; D14_20260324105143.mp4; D14_20260324105425.mp4; D14_20260324105537.mp4; ...
TSSDC_Mumbai,2026-03-25 11:53:16.575000 UTC,2026-03-25,2026-03-25,Cam_01,D14_20260324091315.mp4,11:19:49,31,0,31,Day0325_V_009,visitor,10:32:48,10:33:05,17,0,,2026_03_25_attendance_report.json,0,,,0.0,84,8,8,D14_20260324090240.mp4; D14_20260324090338.mp4; D14_20260324090815.mp4; D14_20260324090949.mp4; D14_20260324091315.mp4; ...
TSSDC_Mumbai,2026-03-25 16:25:01.714000 UTC,2026-03-25,2026-03-25,Cam_01,D14_20260324103435.mp4,11:19:49,60,0,60,Day0325_V_010,visitor,10:34:50,10:42:19,449,0,,2026_03_25_attendance_report.json,0,,,0.0,216,13,13,D14_20260324103435.mp4; D14_20260324103738.mp4; D14_20260324104544.mp4; D14_20260324105143.mp4; D14_20260324105425.mp4; ...
TSSDC_Mumbai,2026-03-25 15:53:56.936000 UTC,2026-03-25,2026-03-25,Cam_01,D14_20260324102110.mp4,11:19:49,59,0,59,Day0325_V_010,visitor,10:42:13,10:42:19,6,0,,2026_03_25_attendance_report.json,0,,,0.0,198,36,36,D14_20260324090240.mp4; D14_20260324090338.mp4; D14_20260324090815.mp4; D14_20260324090949.mp4; D14_20260324091315.mp4; ...
TSSDC_Mumbai,2026-03-25 15:53:56.936000 UTC,2026-03-25,2026-03-25,Cam_01,D14_20260324102110.mp4,11:19:49,59,0,59,Day0325_V_011,visitor,10:42:22,10:42:27,5,0,,2026_03_25_attendance_report.json,0,,,0.0,198,49,49,D14_20260324090240.mp4; D14_20260324090338.mp4; D14_20260324090815.mp4; D14_20260324090949.mp4; D14_20260324091315.mp4; ...
TSSDC_Mumbai,2026-03-25 15:53:56.936000 UTC,2026-03-25,2026-03-25,Cam_01,D14_20260324102110.mp4,11:19:49,59,0,59,Day0325_V_012,visitor,10:44:13,10:44:17,4,0,,2026_03_25_attendance_report.json,0,,,0.0,198,49,49,D14_20260324090240.mp4; D14_20260324090338.mp4; D14_20260324090815.mp4; D14_20260324090949.mp4; D14_20260324091315.mp4; ...
TSSDC_Mumbai,2026-03-25 15:53:56.936000 UTC,2026-03-25,2026-03-25,Cam_01,D14_20260324102110.mp4,11:19:49,59,0,59,Day0325_V_013,visitor,10:44:16,10:44:18,2,0,,2026_03_25_attendance_report.json,0,,,0.0,198,49,49,D14_20260324090240.mp4; D14_20260324090338.mp4; D14_20260324090815.mp4; D14_20260324090949.mp4; D14_20260324091315.mp4; ...
TSSDC_Mumbai,2026-03-25 15:53:56.936000 UTC,2026-03-25,2026-03-25,Cam_01,D14_20260324102110.mp4,11:19:49,59,0,59,Day0325_V_014,visitor,10:44:42,10:44:49,7,0,,2026_03_25_attendance_report.json,0,,,0.0,198,49,49,D14_20260324090240.mp4; D14_20260324090338.mp4; D14_20260324090815.mp4; D14_20260324090949.mp4; D14_20260324091315.mp4; ...
TSSDC_Mumbai,2026-03-25 15:53:56.936000 UTC,2026-03-25,2026-03-25,Cam_01,D14_20260324102110.mp4,11:19:49,59,0,59,Day0325_V_015,visitor,10:44:47,10:44:55,8,0,,2026_03_25_attendance_report.json,0,,,0.0,198,49,49,D14_20260324090240.mp4; D14_20260324090338.mp4; D14_20260324090815.mp4; D14_20260324090949.mp4; D14_20260324091315.mp4; ...
TSSDC_Mumbai,2026-03-25 15:53:56.936000 UTC,2026-03-25,2026-03-25,Cam_01,D14_20260324102110.mp4,11:19:49,59,0,59,Day0325_V_016,visitor,10:44:48,10:44:52,4,0,,2026_03_25_attendance_report.json,0,,,0.0,198,49,49,D14_20260324090240.mp4; D14_20260324090338.mp4; D14_20260324090815.mp4; D14_20260324090949.mp4; D14_20260324091315.mp4; ...
TSSDC_Mumbai,2026-03-25 15:53:56.936000 UTC,2026-03-25,2026-03-25,Cam_01,D14_20260324102110.mp4,11:19:49,59,0,59,Day0325_V_017,visitor,10:44:51,10:44:53,2,0,,2026_03_25_attendance_report.json,0,,,0.0,198,49,49,D14_20260324090240.mp4; D14_20260324090338.mp4; D14_20260324090815.mp4; D14_20260324090949.mp4; D14_20260324091315.mp4; ...
TSSDC_Mumbai,2026-03-25 15:53:56.936000 UTC,2026-03-25,2026-03-25,Cam_01,D14_20260324102110.mp4,11:19:49,59,0,59,Day0325_V_018,visitor,10:44:51,10:44:54,3,0,,2026_03_25_attendance_report.json,0,,,0.0,198,49,49,D14_20260324090240.mp4; D14_20260324090338.mp4; D14_20260324090815.mp4; D14_20260324090949.mp4; D14_20260324091315.mp4; ...
TSSDC_Mumbai,2026-03-25 15:53:56.936000 UTC,2026-03-25,2026-03-25,Cam_01,D14_20260324102110.mp4,11:19:49,59,0,59,Day0325_V_019,visitor,10:12:04,11:16:12,3848,0,,2026_03_25_attendance_report.json,0,,,0.0,198,21,21,D14_20260324101143.mp4; D14_20260324101442.mp4; D14_20260324101728.mp4; D14_20260324101859.mp4; D14_20260324102110.mp4; ...
TSSDC_Mumbai,2026-03-25 14:54:34.577000 UTC,2026-03-25,2026-03-25,Cam_01,D14_20260324095936.mp4,11:19:49,53,0,53,Day0325_V_019,visitor,11:16:01,11:16:12,11,0,,2026_03_25_attendance_report.json,0,,,0.0,172,27,27,D14_20260324090240.mp4; D14_20260324090338.mp4; D14_20260324090815.mp4; D14_20260324090949.mp4; D14_20260324091315.mp4; ...
TSSDC_Mumbai,2026-03-25 15:53:56.936000 UTC,2026-03-25,2026-03-25,Cam_01,D14_20260324102110.mp4,11:19:49,59,0,59,Day0325_V_020,visitor,11:16:19,11:16:23,4,0,,2026_03_25_attendance_report.json,0,,,0.0,198,48,48,D14_20260324090240.mp4; D14_20260324090338.mp4; D14_20260324090815.mp4; D14_20260324090949.mp4; D14_20260324091315.mp4; ...
TSSDC_Mumbai,2026-03-25 15:53:56.936000 UTC,2026-03-25,2026-03-25,Cam_01,D14_20260324102110.mp4,11:19:49,59,0,59,Day0325_V_021,visitor,09:03:44,09:04:05,21,0,,2026_03_25_attendance_report.json,0,,,0.0,198,37,37,D14_20260324090338.mp4; D14_20260324090815.mp4; D14_20260324090949.mp4; D14_20260324091315.mp4; D14_20260324091456.mp4; ...
TSSDC_Mumbai,2026-03-25 18:10:04.181000 UTC,2026-03-25,2026-03-25,Cam_01,D14_20260324110501.mp4,11:19:49,74,0,74,Day0325_V_021,visitor,09:03:44,11:03:48,7204,0,,2026_03_25_attendance_report.json,0,,,0.0,289,5,5,D14_20260324110219.mp4; D14_20260324110501.mp4; D14_20260324110849.mp4; D14_20260324110934.mp4; D14_20260324111058.mp4
TSSDC_Mumbai,2026-03-25 17:09:34.921000 UTC,2026-03-25,2026-03-25,Cam_01,D14_20260324105425.mp4,11:19:49,66,0,66,Day0325_V_021,visitor,09:03:44,10:54:51,6667,0,,2026_03_25_attendance_report.json,0,,,0.0,243,1,1,D14_20260324105425.mp4
TSSDC_Mumbai,2026-03-25 17:26:36.504000 UTC,2026-03-25,2026-03-25,Cam_01,D14_20260324105537.mp4,11:19:49,67,0,67,Day0325_V_021,visitor,09:03:44,10:55:56,6732,0,,2026_03_25_attendance_report.json,0,,,0.0,248,3,3,D14_20260324105537.mp4; D14_20260324105958.mp4; D14_20260324110157.mp4
TSSDC_Mumbai,2026-03-25 15:53:56.936000 UTC,2026-03-25,2026-03-25,Cam_01,D14_20260324102110.mp4,11:19:49,59,0,59,Day0325_V_022,visitor,09:03:48,09:03:59,11,0,,2026_03_25_attendance_report.json,0,,,0.0,198,46,46,D14_20260324090338.mp4; D14_20260324090815.mp4; D14_20260324090949.mp4; D14_20260324091315.mp4; D14_20260324091456.mp4; ...
TSSDC_Mumbai,2026-03-25 15:53:56.936000 UTC,2026-03-25,2026-03-25,Cam_01,D14_20260324102110.mp4,11:19:49,59,0,59,Day0325_V_023,visitor,09:04:02,09:04:14,12,0,,2026_03_25_attendance_report.json,0,,,0.0,198,46,46,D14_20260324090338.mp4; D14_20260324090815.mp4; D14_20260324090949.mp4; D14_20260324091315.mp4; D14_20260324091456.mp4; ...
TSSDC_Mumbai,2026-03-25 15:53:56.936000 UTC,2026-03-25,2026-03-25,Cam_01,D14_20260324102110.mp4,11:19:49,59,0,59,Day0325_V_024,visitor,09:10:05,09:32:24,1339,0,,2026_03_25_attendance_report.json,0,,,0.0,198,37,37,D14_20260324093152.mp4; D14_20260324093338.mp4; D14_20260324093628.mp4; D14_20260324093956.mp4; D14_20260324094151.mp4; ...
TSSDC_Mumbai,2026-03-25 12:52:51.966000 UTC,2026-03-25,2026-03-25,Cam_01,D14_20260324092555.mp4,11:19:49,37,0,37,Day0325_V_024,visitor,09:10:05,09:10:10,5,0,,2026_03_25_attendance_report.json,0,,,0.0,116,7,7,D14_20260324090949.mp4; D14_20260324091315.mp4; D14_20260324091456.mp4; D14_20260324091847.mp4; D14_20260324092104.mp4; ...
TSSDC_Mumbai,2026-03-25 15:53:56.936000 UTC,2026-03-25,2026-03-25,Cam_01,D14_20260324102110.mp4,11:19:49,59,0,59,Day0325_V_025,visitor,09:14:10,09:23:43,573,0,,2026_03_25_attendance_report.json,0,,,0.0,198,40,40,D14_20260324092104.mp4; D14_20260324092555.mp4; D14_20260324093026.mp4; D14_20260324093152.mp4; D14_20260324093338.mp4; ...
TSSDC_Mumbai,2026-03-25 11:53:16.575000 UTC,2026-03-25,2026-03-25,Cam_01,D14_20260324091315.mp4,11:19:49,31,0,31,Day0325_V_025,visitor,09:14:10,09:14:14,4,0,,2026_03_25_attendance_report.json,0,,,0.0,84,3,3,D14_20260324091315.mp4; D14_20260324091456.mp4; D14_20260324091847.mp4
TSSDC_Mumbai,2026-03-25 15:53:56.936000 UTC,2026-03-25,2026-03-25,Cam_01,D14_20260324102110.mp4,11:19:49,59,0,59,Day0325_V_026,visitor,09:19:25,09:19:29,4,0,,2026_03_25_attendance_report.json,0,,,0.0,198,41,41,D14_20260324091847.mp4; D14_20260324092104.mp4; D14_20260324092555.mp4; D14_20260324093026.mp4; D14_20260324093152.mp4; ...
TSSDC_Mumbai,2026-03-25 15:53:56.936000 UTC,2026-03-25,2026-03-25,Cam_01,D14_20260324102110.mp4,11:19:49,59,0,59,Day0325_V_027,visitor,09:20:11,09:20:17,6,0,,2026_03_25_attendance_report.json,0,,,0.0,198,41,41,D14_20260324091847.mp4; D14_20260324092104.mp4; D14_20260324092555.mp4; D14_20260324093026.mp4; D14_20260324093152.mp4; ...
TSSDC_Mumbai,2026-03-25 15:53:56.936000 UTC,2026-03-25,2026-03-25,Cam_01,D14_20260324102110.mp4,11:19:49,59,0,59,Day0325_V_028,visitor,09:24:46,09:24:49,3,0,,2026_03_25_attendance_report.json,0,,,0.0,198,40,40,D14_20260324092104.mp4; D14_20260324092555.mp4; D14_20260324093026.mp4; D14_20260324093152.mp4; D14_20260324093338.mp4; ...
TSSDC_Mumbai,2026-03-25 15:53:56.936000 UTC,2026-03-25,2026-03-25,Cam_01,D14_20260324102110.mp4,11:19:49,59,0,59,Day0325_V_029,visitor,09:26:07,09:26:12,5,0,,2026_03_25_attendance_report.json,0,,,0.0,198,39,39,D14_20260324092555.mp4; D14_20260324093026.mp4; D14_20260324093152.mp4; D14_20260324093338.mp4; D14_20260324093628.mp4; ...
TSSDC_Mumbai,2026-03-25 15:53:56.936000 UTC,2026-03-25,2026-03-25,Cam_01,D14_20260324102110.mp4,11:19:49,59,0,59,Day0325_V_030,visitor,09:26:07,09:26:08,1,0,,2026_03_25_attendance_report.json,0,,,0.0,198,39,39,D14_20260324092555.mp4; D14_20260324093026.mp4; D14_20260324093152.mp4; D14_20260324093338.mp4; D14_20260324093628.mp4; ...
TSSDC_Mumbai,2026-03-25 15:53:56.936000 UTC,2026-03-25,2026-03-25,Cam_01,D14_20260324102110.mp4,11:19:49,59,0,59,Day0325_V_031,visitor,09:26:09,09:26:12,3,0,,2026_03_25_attendance_report.json,0,,,0.0,198,39,39,D14_20260324092555.mp4; D14_20260324093026.mp4; D14_20260324093152.mp4; D14_20260324093338.mp4; D14_20260324093628.mp4; ...
TSSDC_Mumbai,2026-03-25 15:53:56.936000 UTC,2026-03-25,2026-03-25,Cam_01,D14_20260324102110.mp4,11:19:49,59,0,59,Day0325_V_032,visitor,09:30:35,09:30:41,6,0,,2026_03_25_attendance_report.json,0,,,0.0,198,38,38,D14_20260324093026.mp4; D14_20260324093152.mp4; D14_20260324093338.mp4; D14_20260324093628.mp4; D14_20260324093956.mp4; ...
TSSDC_Mumbai,2026-03-25 15:53:56.936000 UTC,2026-03-25,2026-03-25,Cam_01,D14_20260324102110.mp4,11:19:49,59,0,59,Day0325_V_033,visitor,09:37:02,09:37:07,5,0,,2026_03_25_attendance_report.json,0,,,0.0,198,23,23,D14_20260324093628.mp4; D14_20260324093956.mp4; D14_20260324094151.mp4; D14_20260324094321.mp4; D14_20260324094631.mp4; ...
TSSDC_Mumbai,2026-03-25 16:34:23.253000 UTC,2026-03-25,2026-03-25,Cam_01,D14_20260324103738.mp4,11:19:49,61,0,61,Day0325_V_033,visitor,09:37:02,10:38:26,3684,0,,2026_03_25_attendance_report.json,0,,,0.0,222,12,12,D14_20260324103738.mp4; D14_20260324104544.mp4; D14_20260324105143.mp4; D14_20260324105425.mp4; D14_20260324105537.mp4; ...
TSSDC_Mumbai,2026-03-25 15:53:56.936000 UTC,2026-03-25,2026-03-25,Cam_01,D14_20260324102110.mp4,11:19:49,59,0,59,Day0325_V_034,visitor,09:37:41,09:37:46,5,0,,2026_03_25_attendance_report.json,0,,,0.0,198,35,35,D14_20260324093628.mp4; D14_20260324093956.mp4; D14_20260324094151.mp4; D14_20260324094321.mp4; D14_20260324094631.mp4; ...
TSSDC_Mumbai,2026-03-25 15:53:56.936000 UTC,2026-03-25,2026-03-25,Cam_01,D14_20260324102110.mp4,11:19:49,59,0,59,Day0325_V_035,visitor,09:40:04,09:40:07,3,0,,2026_03_25_attendance_report.json,0,,,0.0,198,34,34,D14_20260324093956.mp4; D14_20260324094151.mp4; D14_20260324094321.mp4; D14_20260324094631.mp4; D14_20260324094813.mp4; ...
TSSDC_Mumbai,2026-03-25 15:53:56.936000 UTC,2026-03-25,2026-03-25,Cam_01,D14_20260324102110.mp4,11:19:49,59,0,59,Day0325_V_036,visitor,09:40:53,09:40:59,6,0,,2026_03_25_attendance_report.json,0,,,0.0,198,34,34,D14_20260324093956.mp4; D14_20260324094151.mp4; D14_20260324094321.mp4; D14_20260324094631.mp4; D14_20260324094813.mp4; ...
TSSDC_Mumbai,2026-03-25 15:53:56.936000 UTC,2026-03-25,2026-03-25,Cam_01,D14_20260324102110.mp4,11:19:49,59,0,59,Day0325_V_037,visitor,09:42:01,09:42:06,5,0,,2026_03_25_attendance_report.json,0,,,0.0,198,33,33,D14_20260324094151.mp4; D14_20260324094321.mp4; D14_20260324094631.mp4; D14_20260324094813.mp4; D14_20260324095207.mp4; ...
TSSDC_Mumbai,2026-03-25 15:53:56.936000 UTC,2026-03-25,2026-03-25,Cam_01,D14_20260324102110.mp4,11:19:49,59,0,59,Day0325_V_038,visitor,09:43:40,09:43:45,5,0,,2026_03_25_attendance_report.json,0,,,0.0,198,32,32,D14_20260324094321.mp4; D14_20260324094631.mp4; D14_20260324094813.mp4; D14_20260324095207.mp4; D14_20260324095256.mp4; ...
TSSDC_Mumbai,2026-03-25 15:53:56.936000 UTC,2026-03-25,2026-03-25,Cam_01,D14_20260324102110.mp4,11:19:49,59,0,59,Day0325_V_039,visitor,09:44:36,09:44:42,6,0,,2026_03_25_attendance_report.json,0,,,0.0,198,32,32,D14_20260324094321.mp4; D14_20260324094631.mp4; D14_20260324094813.mp4; D14_20260324095207.mp4; D14_20260324095256.mp4; ...
TSSDC_Mumbai,2026-03-25 15:53:56.936000 UTC,2026-03-25,2026-03-25,Cam_01,D14_20260324102110.mp4,11:19:49,59,0,59,Day0325_V_040,visitor,09:46:48,09:46:50,2,0,,2026_03_25_attendance_report.json,0,,,0.0,198,31,31,D14_20260324094631.mp4; D14_20260324094813.mp4; D14_20260324095207.mp4; D14_20260324095256.mp4; D14_20260324095503.mp4; ...
TSSDC_Mumbai,2026-03-25 15:53:56.936000 UTC,2026-03-25,2026-03-25,Cam_01,D14_20260324102110.mp4,11:19:49,59,0,59,Day0325_V_041,visitor,09:47:27,09:47:31,4,0,,2026_03_25_attendance_report.json,0,,,0.0,198,31,31,D14_20260324094631.mp4; D14_20260324094813.mp4; D14_20260324095207.mp4; D14_20260324095256.mp4; D14_20260324095503.mp4; ...
TSSDC_Mumbai,2026-03-25 15:53:56.936000 UTC,2026-03-25,2026-03-25,Cam_01,D14_20260324102110.mp4,11:19:49,59,0,59,Day0325_V_042,visitor,09:48:51,09:48:53,2,0,,2026_03_25_attendance_report.json,0,,,0.0,198,30,30,D14_20260324094813.mp4; D14_20260324095207.mp4; D14_20260324095256.mp4; D14_20260324095503.mp4; D14_20260324095640.mp4; ...
TSSDC_Mumbai,2026-03-25 15:53:56.936000 UTC,2026-03-25,2026-03-25,Cam_01,D14_20260324102110.mp4,11:19:49,59,0,59,Day0325_V_043,visitor,09:49:40,09:49:46,6,0,,2026_03_25_attendance_report.json,0,,,0.0,198,30,30,D14_20260324094813.mp4; D14_20260324095207.mp4; D14_20260324095256.mp4; D14_20260324095503.mp4; D14_20260324095640.mp4; ...
TSSDC_Mumbai,2026-03-25 15:53:56.936000 UTC,2026-03-25,2026-03-25,Cam_01,D14_20260324102110.mp4,11:19:49,59,0,59,Day0325_V_044,visitor,09:49:41,09:49:46,5,0,,2026_03_25_attendance_report.json,0,,,0.0,198,30,30,D14_20260324094813.mp4; D14_20260324095207.mp4; D14_20260324095256.mp4; D14_20260324095503.mp4; D14_20260324095640.mp4; ...
TSSDC_Mumbai,2026-03-25 15:53:56.936000 UTC,2026-03-25,2026-03-25,Cam_01,D14_20260324102110.mp4,11:19:49,59,0,59,Day0325_V_045,visitor,09:49:43,09:49:52,9,0,,2026_03_25_attendance_report.json,0,,,0.0,198,30,30,D14_20260324094813.mp4; D14_20260324095207.mp4; D14_20260324095256.mp4; D14_20260324095503.mp4; D14_20260324095640.mp4; ...
TSSDC_Mumbai,2026-03-25 15:53:56.936000 UTC,2026-03-25,2026-03-25,Cam_01,D14_20260324102110.mp4,11:19:49,59,0,59,Day0325_V_046,visitor,09:55:20,10:20:03,1483,0,,2026_03_25_attendance_report.json,0,,,0.0,198,9,9,D14_20260324101859.mp4; D14_20260324102110.mp4; D14_20260324102245.mp4; D14_20260324102426.mp4; D14_20260324102545.mp4; ...
TSSDC_Mumbai,2026-03-25 14:54:34.577000 UTC,2026-03-25,2026-03-25,Cam_01,D14_20260324095936.mp4,11:19:49,53,0,53,Day0325_V_046,visitor,09:55:20,09:55:26,6,0,,2026_03_25_attendance_report.json,0,,,0.0,172,9,9,D14_20260324095503.mp4; D14_20260324095640.mp4; D14_20260324095743.mp4; D14_20260324095936.mp4; D14_20260324100628.mp4; ...
TSSDC_Mumbai,2026-03-25 18:10:04.181000 UTC,2026-03-25,2026-03-25,Cam_01,D14_20260324110501.mp4,11:19:49,74,0,74,Day0325_V_046,visitor,09:55:20,10:54:49,3569,0,,2026_03_25_attendance_report.json,0,,,0.0,289,9,9,D14_20260324105425.mp4; D14_20260324105537.mp4; D14_20260324105958.mp4; D14_20260324110157.mp4; D14_20260324110219.mp4; ...
TSSDC_Mumbai,2026-03-25 15:53:56.936000 UTC,2026-03-25,2026-03-25,Cam_01,D14_20260324102110.mp4,11:19:49,59,0,59,Day0325_V_047,visitor,09:57:52,09:57:55,3,0,,2026_03_25_attendance_report.json,0,,,0.0,198,25,25,D14_20260324095743.mp4; D14_20260324095936.mp4; D14_20260324100628.mp4; D14_20260324100810.mp4; D14_20260324101143.mp4; ...
TSSDC_Mumbai,2026-03-25 15:53:56.936000 UTC,2026-03-25,2026-03-25,Cam_01,D14_20260324102110.mp4,11:19:49,59,0,59,Day0325_V_048,visitor,10:07:19,10:14:52,453,0,,2026_03_25_attendance_report.json,0,,,0.0,198,20,20,D14_20260324101442.mp4; D14_20260324101728.mp4; D14_20260324101859.mp4; D14_20260324102110.mp4; D14_20260324102245.mp4; ...
TSSDC_Mumbai,2026-03-25 15:02:11.162000 UTC,2026-03-25,2026-03-25,Cam_01,D14_20260324100628.mp4,11:19:49,54,0,54,Day0325_V_048,visitor,10:07:19,10:07:24,5,0,,2026_03_25_attendance_report.json,0,,,0.0,173,3,3,D14_20260324100628.mp4; D14_20260324100810.mp4; D14_20260324101143.mp4
TSSDC_Mumbai,2026-03-25 15:53:56.936000 UTC,2026-03-25,2026-03-25,Cam_01,D14_20260324102110.mp4,11:19:49,59,0,59,Day0325_V_049,visitor,10:08:25,10:08:29,4,0,,2026_03_25_attendance_report.json,0,,,0.0,198,22,22,D14_20260324100810.mp4; D14_20260324101143.mp4; D14_20260324101442.mp4; D14_20260324101728.mp4; D14_20260324101859.mp4; ...
TSSDC_Mumbai,2026-03-25 15:53:56.936000 UTC,2026-03-25,2026-03-25,Cam_01,D14_20260324102110.mp4,11:19:49,59,0,59,Day0325_V_050,visitor,10:08:55,10:08:59,4,0,,2026_03_25_attendance_report.json,0,,,0.0,198,22,22,D14_20260324100810.mp4; D14_20260324101143.mp4; D14_20260324101442.mp4; D14_20260324101728.mp4; D14_20260324101859.mp4; ...
TSSDC_Mumbai,2026-03-25 15:53:56.936000 UTC,2026-03-25,2026-03-25,Cam_01,D14_20260324102110.mp4,11:19:49,59,0,59,Day0325_V_051,visitor,10:09:35,10:09:40,5,0,,2026_03_25_attendance_report.json,0,,,0.0,198,22,22,D14_20260324100810.mp4; D14_20260324101143.mp4; D14_20260324101442.mp4; D14_20260324101728.mp4; D14_20260324101859.mp4; ...
TSSDC_Mumbai,2026-03-25 15:53:56.936000 UTC,2026-03-25,2026-03-25,Cam_01,D14_20260324102110.mp4,11:19:49,59,0,59,Day0325_V_052,visitor,10:09:38,10:09:41,3,0,,2026_03_25_attendance_report.json,0,,,0.0,198,22,22,D14_20260324100810.mp4; D14_20260324101143.mp4; D14_20260324101442.mp4; D14_20260324101728.mp4; D14_20260324101859.mp4; ...
TSSDC_Mumbai,2026-03-25 15:53:56.936000 UTC,2026-03-25,2026-03-25,Cam_01,D14_20260324102110.mp4,11:19:49,59,0,59,Day0325_V_053,visitor,10:15:52,10:15:58,6,0,,2026_03_25_attendance_report.json,0,,,0.0,198,20,20,D14_20260324101442.mp4; D14_20260324101728.mp4; D14_20260324101859.mp4; D14_20260324102110.mp4; D14_20260324102245.mp4; ...
TSSDC_Mumbai,2026-03-25 16:17:03.122000 UTC,2026-03-25,2026-03-25,Cam_01,D14_20260324102545.mp4,11:19:49,60,0,60,Day0325_V_054,visitor,10:26:59,10:27:04,5,0,,2026_03_25_attendance_report.json,0,,,0.0,213,14,14,D14_20260324102545.mp4; D14_20260324103435.mp4; D14_20260324103738.mp4; D14_20260324104544.mp4; D14_20260324105143.mp4; ...
TSSDC_Mumbai,2026-03-25 16:34:23.253000 UTC,2026-03-25,2026-03-25,Cam_01,D14_20260324103738.mp4,11:19:49,61,0,61,Day0325_V_055,visitor,10:38:28,10:38:35,7,0,,2026_03_25_attendance_report.json,0,,,0.0,222,12,12,D14_20260324103738.mp4; D14_20260324104544.mp4; D14_20260324105143.mp4; D14_20260324105425.mp4; D14_20260324105537.mp4; ...
TSSDC_Mumbai,2026-03-25 16:50:00.486000 UTC,2026-03-25,2026-03-25,Cam_01,D14_20260324104544.mp4,11:19:49,62,0,62,Day0325_V_056,visitor,10:46:56,10:47:00,4,0,,2026_03_25_attendance_report.json,0,,,0.0,229,11,11,D14_20260324104544.mp4; D14_20260324105143.mp4; D14_20260324105425.mp4; D14_20260324105537.mp4; D14_20260324105958.mp4; ...
TSSDC_Mumbai,2026-03-25 18:10:04.181000 UTC,2026-03-25,2026-03-25,Cam_01,D14_20260324110501.mp4,11:19:49,74,0,74,Day0325_V_057,visitor,10:52:26,10:52:32,6,0,,2026_03_25_attendance_report.json,0,,,0.0,289,10,10,D14_20260324105143.mp4; D14_20260324105425.mp4; D14_20260324105537.mp4; D14_20260324105958.mp4; D14_20260324110157.mp4; ...
TSSDC_Mumbai,2026-03-25 18:10:04.181000 UTC,2026-03-25,2026-03-25,Cam_01,D14_20260324110501.mp4,11:19:49,74,0,74,Day0325_V_058,visitor,10:53:28,10:53:30,2,0,,2026_03_25_attendance_report.json,0,,,0.0,289,10,10,D14_20260324105143.mp4; D14_20260324105425.mp4; D14_20260324105537.mp4; D14_20260324105958.mp4; D14_20260324110157.mp4; ...
TSSDC_Mumbai,2026-03-25 18:10:04.181000 UTC,2026-03-25,2026-03-25,Cam_01,D14_20260324110501.mp4,11:19:49,74,0,74,Day0325_V_059,visitor,10:53:25,11:02:19,534,0,,2026_03_25_attendance_report.json,0,,,0.0,289,6,6,D14_20260324110157.mp4; D14_20260324110219.mp4; D14_20260324110501.mp4; D14_20260324110849.mp4; D14_20260324110934.mp4; ...
TSSDC_Mumbai,2026-03-25 17:03:24.844000 UTC,2026-03-25,2026-03-25,Cam_01,D14_20260324105143.mp4,11:19:49,66,0,66,Day0325_V_059,visitor,10:53:25,10:53:33,8,0,,2026_03_25_attendance_report.json,0,,,0.0,238,4,4,D14_20260324105143.mp4; D14_20260324105425.mp4; D14_20260324105537.mp4; D14_20260324105958.mp4
TSSDC_Mumbai,2026-03-25 18:10:04.181000 UTC,2026-03-25,2026-03-25,Cam_01,D14_20260324110501.mp4,11:19:49,74,0,74,Day0325_V_060,visitor,10:53:31,10:53:33,2,0,,2026_03_25_attendance_report.json,0,,,0.0,289,10,10,D14_20260324105143.mp4; D14_20260324105425.mp4; D14_20260324105537.mp4; D14_20260324105958.mp4; D14_20260324110157.mp4; ...
TSSDC_Mumbai,2026-03-25 18:10:04.181000 UTC,2026-03-25,2026-03-25,Cam_01,D14_20260324110501.mp4,11:19:49,74,0,74,Day0325_V_061,visitor,10:56:56,10:57:04,8,0,,2026_03_25_attendance_report.json,0,,,0.0,289,8,8,D14_20260324105537.mp4; D14_20260324105958.mp4; D14_20260324110157.mp4; D14_20260324110219.mp4; D14_20260324110501.mp4; ...
TSSDC_Mumbai,2026-03-25 18:10:04.181000 UTC,2026-03-25,2026-03-25,Cam_01,D14_20260324110501.mp4,11:19:49,74,0,74,Day0325_V_062,visitor,11:00:29,11:00:34,5,0,,2026_03_25_attendance_report.json,0,,,0.0,289,7,7,D14_20260324105958.mp4; D14_20260324110157.mp4; D14_20260324110219.mp4; D14_20260324110501.mp4; D14_20260324110849.mp4; ...
TSSDC_Mumbai,2026-03-25 18:10:04.181000 UTC,2026-03-25,2026-03-25,Cam_01,D14_20260324110501.mp4,11:19:49,74,0,74,Day0325_V_063,visitor,11:00:30,11:00:36,6,0,,2026_03_25_attendance_report.json,0,,,0.0,289,7,7,D14_20260324105958.mp4; D14_20260324110157.mp4; D14_20260324110219.mp4; D14_20260324110501.mp4; D14_20260324110849.mp4; ...
TSSDC_Mumbai,2026-03-25 18:10:04.181000 UTC,2026-03-25,2026-03-25,Cam_01,D14_20260324110501.mp4,11:19:49,74,0,74,Day0325_V_064,visitor,11:02:33,11:02:37,4,0,,2026_03_25_attendance_report.json,0,,,0.0,289,5,5,D14_20260324110219.mp4; D14_20260324110501.mp4; D14_20260324110849.mp4; D14_20260324110934.mp4; D14_20260324111058.mp4
TSSDC_Mumbai,2026-03-25 18:10:04.181000 UTC,2026-03-25,2026-03-25,Cam_01,D14_20260324110501.mp4,11:19:49,74,0,74,Day0325_V_065,visitor,11:02:29,11:02:37,8,0,,2026_03_25_attendance_report.json,0,,,0.0,289,5,5,D14_20260324110219.mp4; D14_20260324110501.mp4; D14_20260324110849.mp4; D14_20260324110934.mp4; D14_20260324111058.mp4
TSSDC_Mumbai,2026-03-25 18:10:04.181000 UTC,2026-03-25,2026-03-25,Cam_01,D14_20260324110501.mp4,11:19:49,74,0,74,Day0325_V_066,visitor,11:03:36,11:03:46,10,0,,2026_03_25_attendance_report.json,0,,,0.0,289,5,5,D14_20260324110219.mp4; D14_20260324110501.mp4; D14_20260324110849.mp4; D14_20260324110934.mp4; D14_20260324111058.mp4
TSSDC_Mumbai,2026-03-25 18:10:04.181000 UTC,2026-03-25,2026-03-25,Cam_01,D14_20260324110501.mp4,11:19:49,74,0,74,Day0325_V_067,visitor,11:03:40,11:03:49,9,0,,2026_03_25_attendance_report.json,0,,,0.0,289,5,5,D14_20260324110219.mp4; D14_20260324110501.mp4; D14_20260324110849.mp4; D14_20260324110934.mp4; D14_20260324111058.mp4
TSSDC_Mumbai,2026-03-25 18:10:04.181000 UTC,2026-03-25,2026-03-25,Cam_01,D14_20260324110501.mp4,11:19:49,74,0,74,Day0325_V_068,visitor,11:05:49,11:05:55,6,0,,2026_03_25_attendance_report.json,0,,,0.0,289,4,4,D14_20260324110501.mp4; D14_20260324110849.mp4; D14_20260324110934.mp4; D14_20260324111058.mp4
TSSDC_Mumbai,2026-03-25 18:34:56.306000 UTC,2026-03-25,2026-03-25,Cam_01,D14_20260324111058.mp4,11:19:49,77,0,77,Day0325_V_069,visitor,11:11:43,11:11:49,6,0,,2026_03_25_attendance_report.json,0,,,0.0,295,1,1,D14_20260324111058.mp4
TSSDC_Mumbai,2026-03-25 18:34:56.306000 UTC,2026-03-25,2026-03-25,Cam_01,D14_20260324111058.mp4,11:19:49,77,0,77,Day0325_V_070,visitor,11:12:24,11:12:33,9,0,,2026_03_25_attendance_report.json,0,,,0.0,295,1,1,D14_20260324111058.mp4
TSSDC_Mumbai,2026-03-25 18:34:56.306000 UTC,2026-03-25,2026-03-25,Cam_01,D14_20260324111058.mp4,11:19:49,77,0,77,Day0325_V_071,visitor,11:13:18,11:13:23,5,0,,2026_03_25_attendance_report.json,0,,,0.0,295,1,1,D14_20260324111058.mp4
Mumbai_Center,2026-03-25 15:57:00.568000 UTC,2026-03-25,2026-03-25,Cam_01,D14_20260311094703.mp4,09:52:00,13,0,13,G_001,visitor,09:47:17,09:47:20,3,0,,2026_03_25_attendance_report.json,0,,,0.0,50,2,1,D14_20260311094703.mp4
TSSDC_Mumbai,2026-03-25 15:53:56.936000 UTC,2026-03-25,2026-03-25,Cam_01,D14_20260324102110.mp4,11:19:49,59,0,59,G_001,visitor,10:02:31,10:02:36,5,0,,2026_03_25_attendance_report.json,0,,,0.0,198,47,47,D14_20260324090240.mp4; D14_20260324090338.mp4; D14_20260324090815.mp4; D14_20260324090949.mp4; D14_20260324091315.mp4; ...
TSSDC_Mumbai,2026-03-25 18:10:04.181000 UTC,2026-03-25,2026-03-25,Cam_01,D14_20260324110501.mp4,11:19:49,74,0,74,G_001,visitor,10:02:31,11:08:06,3935,0,,2026_03_25_attendance_report.json,0,,,0.0,289,4,4,D14_20260324110501.mp4; D14_20260324110849.mp4; D14_20260324110934.mp4; D14_20260324111058.mp4
Mumbai_Center,2026-03-25 15:57:00.568000 UTC,2026-03-25,2026-03-25,Cam_01,D14_20260311094703.mp4,09:52:00,13,0,13,G_002,visitor,09:48:38,09:48:41,3,0,,2026_03_25_attendance_report.json,0,,,0.0,50,2,1,D14_20260311094703.mp4
TSSDC_Mumbai,2026-03-25 15:53:56.936000 UTC,2026-03-25,2026-03-25,Cam_01,D14_20260324102110.mp4,11:19:49,59,0,59,G_002,visitor,10:02:54,10:02:59,5,0,,2026_03_25_attendance_report.json,0,,,0.0,198,51,51,D14_20260324090240.mp4; D14_20260324090338.mp4; D14_20260324090815.mp4; D14_20260324090949.mp4; D14_20260324091315.mp4; ...
Mumbai_Center,2026-03-25 15:57:00.568000 UTC,2026-03-25,2026-03-25,Cam_01,D14_20260311094703.mp4,09:52:00,13,0,13,G_003,visitor,09:49:44,09:49:48,4,0,,2026_03_25_attendance_report.json,0,,,0.0,50,2,1,D14_20260311094703.mp4
TSSDC_Mumbai,2026-03-25 15:53:56.936000 UTC,2026-03-25,2026-03-25,Cam_01,D14_20260324102110.mp4,11:19:49,59,0,59,G_003,visitor,10:04:34,10:04:38,4,0,,2026_03_25_attendance_report.json,0,,,0.0,198,51,51,D14_20260324090240.mp4; D14_20260324090338.mp4; D14_20260324090815.mp4; D14_20260324090949.mp4; D14_20260324091315.mp4; ...
Mumbai_Center,2026-03-25 15:57:00.568000 UTC,2026-03-25,2026-03-25,Cam_01,D14_20260311094703.mp4,09:52:00,13,0,13,G_004,visitor,09:50:18,09:50:24,6,0,,2026_03_25_attendance_report.json,0,,,0.0,50,2,1,D14_20260311094703.mp4
TSSDC_Mumbai,2026-03-25 15:53:56.936000 UTC,2026-03-25,2026-03-25,Cam_01,D14_20260324102110.mp4,11:19:49,59,0,59,G_004,visitor,10:04:48,10:05:01,13,0,,2026_03_25_attendance_report.json,0,,,0.0,198,51,51,D14_20260324090240.mp4; D14_20260324090338.mp4; D14_20260324090815.mp4; D14_20260324090949.mp4; D14_20260324091315.mp4; ...
Mumbai_Center,2026-03-25 15:57:00.568000 UTC,2026-03-25,2026-03-25,Cam_01,D14_20260311094703.mp4,09:52:00,13,0,13,G_005,visitor,09:48:41,09:48:42,1,0,,2026_03_25_attendance_report.json,0,,,0.0,50,1,1,D14_20260311094703.mp4
TSSDC_Mumbai,2026-03-25 15:53:56.936000 UTC,2026-03-25,2026-03-25,Cam_01,D14_20260324102110.mp4,11:19:49,59,0,59,G_005,visitor,10:05:18,10:05:29,11,0,,2026_03_25_attendance_report.json,0,,,0.0,198,51,51,D14_20260324090240.mp4; D14_20260324090338.mp4; D14_20260324090815.mp4; D14_20260324090949.mp4; D14_20260324091315.mp4; ...
TSSDC_Mumbai,2026-03-25 15:53:56.936000 UTC,2026-03-25,2026-03-25,Cam_01,D14_20260324102110.mp4,11:19:49,59,0,59,G_006,visitor,09:44:47,11:19:49,5702,0,,2026_03_25_attendance_report.json,0,,,0.0,198,32,32,D14_20260324094321.mp4; D14_20260324094631.mp4; D14_20260324094813.mp4; D14_20260324095207.mp4; D14_20260324095256.mp4; ...
Mumbai_Center,2026-03-25 15:57:00.568000 UTC,2026-03-25,2026-03-25,Cam_01,D14_20260311094703.mp4,09:52:00,13,0,13,G_006,visitor,09:49:04,09:49:11,7,0,,2026_03_25_attendance_report.json,0,,,0.0,50,1,1,D14_20260311094703.mp4
TSSDC_Mumbai,2026-03-25 12:52:51.966000 UTC,2026-03-25,2026-03-25,Cam_01,D14_20260324092555.mp4,11:19:49,37,0,37,G_006,visitor,10:05:36,11:19:49,4453,0,,2026_03_25_attendance_report.json,0,,,0.0,116,16,16,D14_20260324090240.mp4; D14_20260324090338.mp4; D14_20260324090815.mp4; D14_20260324090949.mp4; D14_20260324091315.mp4; ...
TSSDC_Mumbai,2026-03-25 09:52:50.030000 UTC,2026-03-25,2026-03-25,Cam_01,D14_20260324100139.mp4,10:05:42,6,0,6,G_006,visitor,10:05:36,10:05:42,6,0,,2026_03_25_attendance_report.json,0,,,0.0,9,3,3,D14_20260324100139.mp4; D14_20260324102841.mp4; D14_20260324103954.mp4
Mumbai_Center,2026-03-25 15:57:00.568000 UTC,2026-03-25,2026-03-25,Cam_01,D14_20260311094703.mp4,09:52:00,13,0,13,G_007,visitor,09:49:10,09:49:12,2,0,,2026_03_25_attendance_report.json,0,,,0.0,50,1,1,D14_20260311094703.mp4
Mumbai_Center,2026-03-25 15:57:00.568000 UTC,2026-03-25,2026-03-25,Cam_01,D14_20260311094703.mp4,09:52:00,13,0,13,G_008,visitor,09:49:48,09:49:54,6,0,,2026_03_25_attendance_report.json,0,,,0.0,50,1,1,D14_20260311094703.mp4
Mumbai_Center,2026-03-25 15:57:00.568000 UTC,2026-03-25,2026-03-25,Cam_01,D14_20260311094703.mp4,09:52:00,13,0,13,G_009,visitor,09:50:18,09:50:26,8,0,,2026_03_25_attendance_report.json,0,,,0.0,50,1,1,D14_20260311094703.mp4
Mumbai_Center,2026-03-25 15:57:00.568000 UTC,2026-03-25,2026-03-25,Cam_01,D14_20260311094703.mp4,09:52:00,13,0,13,G_010,visitor,09:50:25,09:50:25,0,0,,2026_03_25_attendance_report.json,0,,,0.0,50,1,1,D14_20260311094703.mp4
Mumbai_Center,2026-03-25 15:57:00.568000 UTC,2026-03-25,2026-03-25,Cam_01,D14_20260311094703.mp4,09:52:00,13,0,13,G_011,visitor,09:50:26,09:50:29,3,0,,2026_03_25_attendance_report.json,0,,,0.0,50,1,1,D14_20260311094703.mp4
Mumbai_Center,2026-03-25 15:57:00.568000 UTC,2026-03-25,2026-03-25,Cam_01,D14_20260311094703.mp4,09:52:00,13,0,13,G_012,visitor,09:51:11,09:51:16,5,0,,2026_03_25_attendance_report.json,0,,,0.0,50,1,1,D14_20260311094703.mp4
Mumbai_Center,2026-03-25 15:57:00.568000 UTC,2026-03-25,2026-03-25,Cam_01,D14_20260311094703.mp4,09:52:00,13,0,13,G_013,visitor,09:51:43,09:51:48,5,0,,2026_03_25_attendance_report.json,0,,,0.0,50,1,1,D14_20260311094703.mp4
Mumbai_Center,2026-03-25 15:57:00.568000 UTC,2026-03-25,2026-03-25,Cam_01,D14_20260311094703.mp4,09:52:00,13,0,13,NF_001,no_face_track,09:47:16,09:47:17,1,0,,2026_03_25_attendance_report.json,0,,,0.0,50,2,1,D14_20260311094703.mp4
TSSDC_Mumbai,2026-03-25 15:53:56.936000 UTC,2026-03-25,2026-03-25,Cam_01,D14_20260324102110.mp4,11:19:49,59,0,59,NF_001,no_face_track,10:01:46,10:01:52,6,0,,2026_03_25_attendance_report.json,0,,,0.0,198,51,51,D14_20260324090240.mp4; D14_20260324090338.mp4; D14_20260324090815.mp4; D14_20260324090949.mp4; D14_20260324091315.mp4; ...
TSSDC_Mumbai,2026-03-25 15:53:56.936000 UTC,2026-03-25,2026-03-25,Cam_01,D14_20260324102110.mp4,11:19:49,59,0,59,NF_002,no_face_track,10:01:52,10:01:54,2,0,,2026_03_25_attendance_report.json,0,,,0.0,198,51,51,D14_20260324090240.mp4; D14_20260324090338.mp4; D14_20260324090815.mp4; D14_20260324090949.mp4; D14_20260324091315.mp4; ...
Mumbai_Center,2026-03-25 15:57:00.568000 UTC,2026-03-25,2026-03-25,Cam_01,D14_20260311094703.mp4,09:52:00,13,0,13,NF_003,no_face_track,09:47:24,09:47:24,0,0,,2026_03_25_attendance_report.json,0,,,0.0,50,2,1,D14_20260311094703.mp4
TSSDC_Mumbai,2026-03-25 15:53:56.936000 UTC,2026-03-25,2026-03-25,Cam_01,D14_20260324102110.mp4,11:19:49,59,0,59,NF_003,no_face_track,10:01:53,10:02:00,7,0,,2026_03_25_attendance_report.json,0,,,0.0,198,51,51,D14_20260324090240.mp4; D14_20260324090338.mp4; D14_20260324090815.mp4; D14_20260324090949.mp4; D14_20260324091315.mp4; ...
Mumbai_Center,2026-03-25 15:57:00.568000 UTC,2026-03-25,2026-03-25,Cam_01,D14_20260311094703.mp4,09:52:00,13,0,13,NF_004,no_face_track,09:47:56,09:48:02,6,0,,2026_03_25_attendance_report.json,0,,,0.0,50,2,1,D14_20260311094703.mp4
TSSDC_Mumbai,2026-03-25 15:53:56.936000 UTC,2026-03-25,2026-03-25,Cam_01,D14_20260324102110.mp4,11:19:49,59,0,59,NF_004,no_face_track,10:01:53,10:01:53,0,0,,2026_03_25_attendance_report.json,0,,,0.0,198,51,51,D14_20260324090240.mp4; D14_20260324090338.mp4; D14_20260324090815.mp4; D14_20260324090949.mp4; D14_20260324091315.mp4; ...
Mumbai_Center,2026-03-25 15:57:00.568000 UTC,2026-03-25,2026-03-25,Cam_01,D14_20260311094703.mp4,09:52:00,13,0,13,NF_005,no_face_track,09:48:01,09:48:06,5,0,,2026_03_25_attendance_report.json,0,,,0.0,50,2,1,D14_20260311094703.mp4
TSSDC_Mumbai,2026-03-25 15:53:56.936000 UTC,2026-03-25,2026-03-25,Cam_01,D14_20260324102110.mp4,11:19:49,59,0,59,NF_005,no_face_track,10:02:29,10:02:31,2,0,,2026_03_25_attendance_report.json,0,,,0.0,198,51,51,D14_20260324090240.mp4; D14_20260324090338.mp4; D14_20260324090815.mp4; D14_20260324090949.mp4; D14_20260324091315.mp4; ...
Mumbai_Center,2026-03-25 15:57:00.568000 UTC,2026-03-25,2026-03-25,Cam_01,D14_20260311094703.mp4,09:52:00,13,0,13,NF_006,no_face_track,09:48:13,09:48:19,6,0,,2026_03_25_attendance_report.json,0,,,0.0,50,2,1,D14_20260311094703.mp4
Mumbai_Center,2026-03-25 15:57:00.568000 UTC,2026-03-25,2026-03-25,Cam_01,D14_20260311094703.mp4,09:52:00,13,0,13,NF_007,no_face_track,09:48:19,09:48:28,9,0,,2026_03_25_attendance_report.json,0,,,0.0,50,2,1,D14_20260311094703.mp4
TSSDC_Mumbai,2026-03-25 15:53:56.936000 UTC,2026-03-25,2026-03-25,Cam_01,D14_20260324102110.mp4,11:19:49,59,0,59,NF_007,no_face_track,10:02:53,10:02:55,2,0,,2026_03_25_attendance_report.json,0,,,0.0,198,51,51,D14_20260324090240.mp4; D14_20260324090338.mp4; D14_20260324090815.mp4; D14_20260324090949.mp4; D14_20260324091315.mp4; ...
Mumbai_Center,2026-03-25 15:57:00.568000 UTC,2026-03-25,2026-03-25,Cam_01,D14_20260311094703.mp4,09:52:00,13,0,13,NF_008,no_face_track,09:48:20,09:48:20,0,0,,2026_03_25_attendance_report.json,0,,,0.0,50,2,1,D14_20260311094703.mp4
Mumbai_Center,2026-03-25 15:57:00.568000 UTC,2026-03-25,2026-03-25,Cam_01,D14_20260311094703.mp4,09:52:00,13,0,13,NF_009,no_face_track,09:48:20,09:48:20,0,0,,2026_03_25_attendance_report.json,0,,,0.0,50,2,1,D14_20260311094703.mp4
TSSDC_Mumbai,2026-03-25 15:53:56.936000 UTC,2026-03-25,2026-03-25,Cam_01,D14_20260324102110.mp4,11:19:49,59,0,59,NF_009,no_face_track,10:04:02,10:04:06,4,0,,2026_03_25_attendance_report.json,0,,,0.0,198,51,51,D14_20260324090240.mp4; D14_20260324090338.mp4; D14_20260324090815.mp4; D14_20260324090949.mp4; D14_20260324091315.mp4; ...
Mumbai_Center,2026-03-25 15:57:00.568000 UTC,2026-03-25,2026-03-25,Cam_01,D14_20260311094703.mp4,09:52:00,13,0,13,NF_010,no_face_track,09:48:28,09:48:31,3,0,,2026_03_25_attendance_report.json,0,,,0.0,50,2,1,D14_20260311094703.mp4
TSSDC_Mumbai,2026-03-25 15:53:56.936000 UTC,2026-03-25,2026-03-25,Cam_01,D14_20260324102110.mp4,11:19:49,59,0,59,NF_010,no_face_track,10:04:31,10:04:31,0,0,,2026_03_25_attendance_report.json,0,,,0.0,198,51,51,D14_20260324090240.mp4; D14_20260324090338.mp4; D14_20260324090815.mp4; D14_20260324090949.mp4; D14_20260324091315.mp4; ...
Mumbai_Center,2026-03-25 15:57:00.568000 UTC,2026-03-25,2026-03-25,Cam_01,D14_20260311094703.mp4,09:52:00,13,0,13,NF_011,no_face_track,09:48:36,09:48:37,1,0,,2026_03_25_attendance_report.json,0,,,0.0,50,2,1,D14_20260311094703.mp4
Mumbai_Center,2026-03-25 15:57:00.568000 UTC,2026-03-25,2026-03-25,Cam_01,D14_20260311094703.mp4,09:52:00,13,0,13,NF_012,no_face_track,09:48:37,09:48:38,1,0,,2026_03_25_attendance_report.json,0,,,0.0,50,2,1,D14_20260311094703.mp4
TSSDC_Mumbai,2026-03-25 15:53:56.936000 UTC,2026-03-25,2026-03-25,Cam_01,D14_20260324102110.mp4,11:19:49,59,0,59,NF_012,no_face_track,10:04:49,10:04:50,1,0,,2026_03_25_attendance_report.json,0,,,0.0,198,51,51,D14_20260324090240.mp4; D14_20260324090338.mp4; D14_20260324090815.mp4; D14_20260324090949.mp4; D14_20260324091315.mp4; ...
Mumbai_Center,2026-03-25 15:57:00.568000 UTC,2026-03-25,2026-03-25,Cam_01,D14_20260311094703.mp4,09:52:00,13,0,13,NF_014,no_face_track,09:48:58,09:49:01,3,0,,2026_03_25_attendance_report.json,0,,,0.0,50,2,1,D14_20260311094703.mp4
Mumbai_Center,2026-03-25 15:57:00.568000 UTC,2026-03-25,2026-03-25,Cam_01,D14_20260311094703.mp4,09:52:00,13,0,13,NF_015,no_face_track,09:49:00,09:49:01,1,0,,2026_03_25_attendance_report.json,0,,,0.0,50,2,1,D14_20260311094703.mp4
Mumbai_Center,2026-03-25 15:57:00.568000 UTC,2026-03-25,2026-03-25,Cam_01,D14_20260311094703.mp4,09:52:00,13,0,13,NF_016,no_face_track,09:49:01,09:49:02,1,0,,2026_03_25_attendance_report.json,0,,,0.0,50,2,1,D14_20260311094703.mp4
Mumbai_Center,2026-03-25 15:57:00.568000 UTC,2026-03-25,2026-03-25,Cam_01,D14_20260311094703.mp4,09:52:00,13,0,13,NF_017,no_face_track,09:49:04,09:49:11,7,0,,2026_03_25_attendance_report.json,0,,,0.0,50,2,1,D14_20260311094703.mp4
Mumbai_Center,2026-03-25 15:57:00.568000 UTC,2026-03-25,2026-03-25,Cam_01,D14_20260311094703.mp4,09:52:00,13,0,13,NF_018,no_face_track,09:49:07,09:49:08,1,0,,2026_03_25_attendance_report.json,0,,,0.0,50,2,1,D14_20260311094703.mp4
Mumbai_Center,2026-03-25 15:57:00.568000 UTC,2026-03-25,2026-03-25,Cam_01,D14_20260311094703.mp4,09:52:00,13,0,13,NF_019,no_face_track,09:49:43,09:49:44,1,0,,2026_03_25_attendance_report.json,0,,,0.0,50,2,1,D14_20260311094703.mp4
Mumbai_Center,2026-03-25 15:57:00.568000 UTC,2026-03-25,2026-03-25,Cam_01,D14_20260311094703.mp4,09:52:00,13,0,13,NF_021,no_face_track,09:49:48,09:49:50,2,0,,2026_03_25_attendance_report.json,0,,,0.0,50,2,1,D14_20260311094703.mp4
Mumbai_Center,2026-03-25 15:57:00.568000 UTC,2026-03-25,2026-03-25,Cam_01,D14_20260311094703.mp4,09:52:00,13,0,13,NF_022,no_face_track,09:49:48,09:49:54,6,0,,2026_03_25_attendance_report.json,0,,,0.0,50,2,1,D14_20260311094703.mp4
Mumbai_Center,2026-03-25 15:57:00.568000 UTC,2026-03-25,2026-03-25,Cam_01,D14_20260311094703.mp4,09:52:00,13,0,13,NF_023,no_face_track,09:49:54,09:49:54,0,0,,2026_03_25_attendance_report.json,0,,,0.0,50,2,1,D14_20260311094703.mp4
Mumbai_Center,2026-03-25 15:57:00.568000 UTC,2026-03-25,2026-03-25,Cam_01,D14_20260311094703.mp4,09:52:00,13,0,13,NF_024,no_face_track,09:50:17,09:50:19,2,0,,2026_03_25_attendance_report.json,0,,,0.0,50,2,1,D14_20260311094703.mp4
Mumbai_Center,2026-03-25 15:57:00.568000 UTC,2026-03-25,2026-03-25,Cam_01,D14_20260311094703.mp4,09:52:00,13,0,13,NF_025,no_face_track,09:50:18,09:50:19,1,0,,2026_03_25_attendance_report.json,0,,,0.0,50,2,1,D14_20260311094703.mp4
Mumbai_Center,2026-03-25 15:57:00.568000 UTC,2026-03-25,2026-03-25,Cam_01,D14_20260311094703.mp4,09:52:00,13,0,13,NF_026,no_face_track,09:50:18,09:50:26,8,0,,2026_03_25_attendance_report.json,0,,,0.0,50,2,1,D14_20260311094703.mp4
Mumbai_Center,2026-03-25 15:57:00.568000 UTC,2026-03-25,2026-03-25,Cam_01,D14_20260311094703.mp4,09:52:00,13,0,13,NF_028,no_face_track,09:50:20,09:50:22,2,0,,2026_03_25_attendance_report.json,0,,,0.0,50,2,1,D14_20260311094703.mp4
Mumbai_Center,2026-03-25 15:57:00.568000 UTC,2026-03-25,2026-03-25,Cam_01,D14_20260311094703.mp4,09:52:00,13,0,13,NF_029,no_face_track,09:50:25,09:50:25,0,0,,2026_03_25_attendance_report.json,0,,,0.0,50,2,1,D14_20260311094703.mp4
Mumbai_Center,2026-03-25 15:57:00.568000 UTC,2026-03-25,2026-03-25,Cam_01,D14_20260311094703.mp4,09:52:00,13,0,13,NF_030,no_face_track,09:51:11,09:51:16,5,0,,2026_03_25_attendance_report.json,0,,,0.0,50,2,1,D14_20260311094703.mp4
Mumbai_Center,2026-03-25 15:57:00.568000 UTC,2026-03-25,2026-03-25,Cam_01,D14_20260311094703.mp4,09:52:00,13,0,13,NF_031,no_face_track,09:51:43,09:51:48,5,0,,2026_03_25_attendance_report.json,0,,,0.0,50,2,1,D14_20260311094703.mp4
Mumbai_Center,2026-03-25 15:57:00.568000 UTC,2026-03-25,2026-03-25,Cam_01,D14_20260311094703.mp4,09:52:00,13,0,13,NF_032,no_face_track,09:51:48,09:52:00,12,0,,2026_03_25_attendance_report.json,0,,,0.0,50,2,1,D14_20260311094703.mp4
TSSDC_Mumbai,2026-03-25 18:44:51.390000 UTC,2026-03-26,2026-03-26,Cam_01,D14_20260324112053.mp4,11:21:50,0,0,0,Day0326_NF_370,no_face_track,11:21:40,11:21:46,6,0,,2026_03_26_attendance_report.json,0,,,0.0,5,4,4,D14_20260324112053.mp4; D14_20260324112316.mp4; D14_20260324112500.mp4; D14_20260324112652.mp4
TSSDC_Mumbai,2026-03-25 18:44:51.390000 UTC,2026-03-26,2026-03-26,Cam_01,D14_20260324112053.mp4,11:21:50,0,0,0,Day0326_NF_371,no_face_track,11:21:43,11:21:49,6,0,,2026_03_26_attendance_report.json,0,,,0.0,5,4,4,D14_20260324112053.mp4; D14_20260324112316.mp4; D14_20260324112500.mp4; D14_20260324112652.mp4
TSSDC_Mumbai,2026-03-25 18:44:51.390000 UTC,2026-03-26,2026-03-26,Cam_01,D14_20260324112053.mp4,11:21:50,0,0,0,Day0326_NF_372,no_face_track,11:21:45,11:21:46,1,0,,2026_03_26_attendance_report.json,0,,,0.0,5,4,4,D14_20260324112053.mp4; D14_20260324112316.mp4; D14_20260324112500.mp4; D14_20260324112652.mp4
TSSDC_Mumbai,2026-03-25 18:44:51.390000 UTC,2026-03-26,2026-03-26,Cam_01,D14_20260324112053.mp4,11:21:50,0,0,0,Day0326_NF_373,no_face_track,11:21:45,11:21:48,3,0,,2026_03_26_attendance_report.json,0,,,0.0,5,4,4,D14_20260324112053.mp4; D14_20260324112316.mp4; D14_20260324112500.mp4; D14_20260324112652.mp4
TSSDC_Mumbai,2026-03-25 18:44:51.390000 UTC,2026-03-26,2026-03-26,Cam_01,D14_20260324112053.mp4,11:21:50,0,0,0,Day0326_NF_374,no_face_track,11:21:49,11:21:50,1,0,,2026_03_26_attendance_report.json,0,,,0.0,5,4,4,D14_20260324112053.mp4; D14_20260324112316.mp4; D14_20260324112500.mp4; D14_20260324112652.mp4
TSSDC_Mumbai,2026-03-25 18:50:43.732000 UTC,2026-03-26,2026-03-26,Cam_01,D14_20260324112316.mp4,11:23:40,1,1,0,Day0326_NF_376,no_face_track,11:23:27,11:23:27,0,0,,2026_03_26_attendance_report.json,0,,,0.0,6,3,3,D14_20260324112316.mp4; D14_20260324112500.mp4; D14_20260324112652.mp4
TSSDC_Mumbai,2026-03-25 19:11:27.874000 UTC,2026-03-26,2026-03-26,Cam_01,D14_20260324112652.mp4,11:23:40,1,1,0,Day0326_NF_377,no_face_track,05:26:28,05:29:56,208,0,,2026_03_26_attendance_report.json,0,,,0.0,7,1,1,D14_20260324112652.mp4
TSSDC_Mumbai,2026-03-25 18:50:43.732000 UTC,2026-03-26,2026-03-26,Cam_01,D14_20260324112316.mp4,11:23:40,1,1,0,G_006,returning_employee,11:23:26,11:23:40,14,1,2026-03-25,2026_03_26_attendance_report.json,0,,,0.0,6,3,3,D14_20260324112316.mp4; D14_20260324112500.mp4; D14_20260324112652.mp4
